n_iter,feedin_atnode_loss_kW,demand_atnode_kW,feedin_atnode_kW,TotalPower,n_EGID_pvinst,ratio_EGID_pvinst,scen
1,0.0,156451870.7465875,12138093.51969259,11524.756004960458,707,0.05019880715705766,pvalloc_29nbfs_LRG2_gridoptim_max
2,0.0,153301998.78694013,22244428.25084005,12810.249641695664,992,0.12063334280034081,pvalloc_29nbfs_LRG2_gridoptim_max
3,0.0,149823591.26840037,33310450.14863914,15553.317893489424,1366,0.2176228344220392,pvalloc_29nbfs_LRG2_gridoptim_max
4,0.0,145705508.20756593,46827482.54199508,18330.501046373498,1823,0.3470604941777904,pvalloc_29nbfs_LRG2_gridoptim_max
5,0.0,141301511.13149098,63077538.0796834,21132.817495769195,2384,0.5163305879011645,pvalloc_29nbfs_LRG2_gridoptim_max
6,6155.17144304049,136575455.2020953,81971869.793714,23962.731074123883,2823,0.716770803748935,pvalloc_29nbfs_LRG2_gridoptim_max
7,570480.891487979,130529808.64687496,102583983.95153329,26826.370176959703,2912,0.9235302470888952,pvalloc_29nbfs_LRG2_gridoptim_max
8,5067794.465838253,123080087.88648254,125161693.05304956,7267.964158997319,950,0.9909826753763136,pvalloc_29nbfs_LRG2_gridoptim_max
9,8012555.139681691,120904735.91316926,131153891.09799795,0.0,0,0.9909826753763136,pvalloc_29nbfs_LRG2_gridoptim_max
10,8012555.139681691,120904735.91316926,131153891.09799795,0.0,0,0.9909826753763136,pvalloc_29nbfs_LRG2_gridoptim_max
11,8012555.139681691,120904735.91316926,131153891.09799795,0.0,0,0.9909826753763136,pvalloc_29nbfs_LRG2_gridoptim_max
12,8012555.139681691,120904735.91316926,131153891.09799795,0.0,0,0.9909826753763136,pvalloc_29nbfs_LRG2_gridoptim_max
13,8012555.139681691,120904735.91316926,131153891.09799795,0.0,0,0.9909826753763136,pvalloc_29nbfs_LRG2_gridoptim_max
14,8012555.139681691,120904735.91316926,131153891.09799795,0.0,0,0.9909826753763136,pvalloc_29nbfs_LRG2_gridoptim_max
15,8012555.139681691,120904735.91316926,131153891.09799795,0.0,0,0.9909826753763136,pvalloc_29nbfs_LRG2_gridoptim_max
16,8012555.139681691,120904735.91316926,131153891.09799795,0.0,0,0.9909826753763136,pvalloc_29nbfs_LRG2_gridoptim_max
17,8012555.139681691,120904735.91316926,131153891.09799795,0.0,0,0.9909826753763136,pvalloc_29nbfs_LRG2_gridoptim_max
18,8012555.139681691,120904735.91316926,131153891.09799795,0.0,0,0.9909826753763136,pvalloc_29nbfs_LRG2_gridoptim_max
19,8012555.139681691,120904735.91316926,131153891.09799795,0.0,0,0.9909826753763136,pvalloc_29nbfs_LRG2_gridoptim_max
20,8012555.139681691,120904735.91316926,131153891.09799795,0.0,0,0.9909826753763136,pvalloc_29nbfs_LRG2_gridoptim_max
1,0.0,156460670.4000943,12106812.450632345,11525.071919462534,593,0.042104515762567456,pvalloc_29nbfs_LRG2_max
2,0.0,151617544.74077043,20650499.33630851,12807.0679353278,879,0.10451576256745243,pvalloc_29nbfs_LRG2_max
3,0.0,146717489.61353624,30664498.583638318,15557.56689078119,1258,0.19383697813121273,pvalloc_29nbfs_LRG2_max
4,47.462971084104595,140947198.79364422,42794779.93173957,18334.55236502095,1682,0.3132632774779892,pvalloc_29nbfs_LRG2_max
5,26646.47922277057,135296824.66819444,58199678.8714014,21138.64209757162,2289,0.4757881283726214,pvalloc_29nbfs_LRG2_max
6,450569.41386225866,130482538.33170684,78177816.57160023,23965.5565805924,2871,0.6796364669128089,pvalloc_29nbfs_LRG2_max
7,2183924.0657519856,126117061.87515667,101026490.56813174,26822.540039813382,3434,0.9234592445328031,pvalloc_29nbfs_LRG2_max
8,6286062.8957127035,121943285.33588128,125623968.34734347,8438.096169814758,1078,1.0,pvalloc_29nbfs_LRG2_max
9,8013247.702566296,120649430.17721693,132178459.89717206,0.0,0,1.0,pvalloc_29nbfs_LRG2_max
10,8013247.702566296,120649430.17721693,132178459.89717206,0.0,0,1.0,pvalloc_29nbfs_LRG2_max
11,8013247.702566296,120649430.17721693,132178459.89717206,0.0,0,1.0,pvalloc_29nbfs_LRG2_max
12,8013247.702566296,120649430.17721693,132178459.89717206,0.0,0,1.0,pvalloc_29nbfs_LRG2_max
13,8013247.702566296,120649430.17721693,132178459.89717206,0.0,0,1.0,pvalloc_29nbfs_LRG2_max
14,8013247.702566296,120649430.17721693,132178459.89717206,0.0,0,1.0,pvalloc_29nbfs_LRG2_max
15,8013247.702566296,120649430.17721693,132178459.89717206,0.0,0,1.0,pvalloc_29nbfs_LRG2_max
16,8013247.702566296,120649430.17721693,132178459.89717206,0.0,0,1.0,pvalloc_29nbfs_LRG2_max
17,8013247.702566296,120649430.17721693,132178459.89717206,0.0,0,1.0,pvalloc_29nbfs_LRG2_max
18,8013247.702566296,120649430.17721693,132178459.89717206,0.0,0,1.0,pvalloc_29nbfs_LRG2_max
19,8013247.702566296,120649430.17721693,132178459.89717206,0.0,0,1.0,pvalloc_29nbfs_LRG2_max
20,8013247.702566296,120649430.17721693,132178459.89717206,0.0,0,1.0,pvalloc_29nbfs_LRG2_max
1,0.0,156456529.5642337,12145454.435269177,11534.25183182413,593,0.042104515762567456,pvalloc_29nbfs_LRG2_max_sAs2p0
2,0.0,151624462.73190513,20718547.51078913,12814.368975209842,867,0.1036637318943482,pvalloc_29nbfs_LRG2_max_sAs2p0
3,0.0,146778369.91415527,30742361.760940973,15554.387785151646,1263,0.1933399602385686,pvalloc_29nbfs_LRG2_max_sAs2p0
4,74.35916324515176,140979639.3182709,42882828.50922516,18336.856944653806,1677,0.31241124680488497,pvalloc_29nbfs_LRG2_max_sAs2p0
5,34256.98747899446,135330850.30643746,58192195.06544046,21137.255386688772,2224,0.47032093155353594,pvalloc_29nbfs_LRG2_max_sAs2p0
6,367232.3544405864,130613079.54614994,77933492.05982791,23969.77877123341,2843,0.6721811985231468,pvalloc_29nbfs_LRG2_max_sAs2p0
7,2295291.229460496,126318657.97047508,100811810.2312267,26820.257183214548,3483,0.9194831013916501,pvalloc_29nbfs_LRG2_max_sAs2p0
8,6653353.516172663,122012816.59700732,125512830.02749869,8424.843291154251,1134,1.0,pvalloc_29nbfs_LRG2_max_sAs2p0
9,8014245.432169927,120648072.35699266,132189146.88989083,0.0,0,1.0,pvalloc_29nbfs_LRG2_max_sAs2p0
10,8014245.432169927,120648072.35699266,132189146.88989083,0.0,0,1.0,pvalloc_29nbfs_LRG2_max_sAs2p0
11,8014245.432169927,120648072.35699266,132189146.88989083,0.0,0,1.0,pvalloc_29nbfs_LRG2_max_sAs2p0
12,8014245.432169927,120648072.35699266,132189146.88989083,0.0,0,1.0,pvalloc_29nbfs_LRG2_max_sAs2p0
13,8014245.432169927,120648072.35699266,132189146.88989083,0.0,0,1.0,pvalloc_29nbfs_LRG2_max_sAs2p0
14,8014245.432169927,120648072.35699266,132189146.88989083,0.0,0,1.0,pvalloc_29nbfs_LRG2_max_sAs2p0
15,8014245.432169927,120648072.35699266,132189146.88989083,0.0,0,1.0,pvalloc_29nbfs_LRG2_max_sAs2p0
16,8014245.432169927,120648072.35699266,132189146.88989083,0.0,0,1.0,pvalloc_29nbfs_LRG2_max_sAs2p0
17,8014245.432169927,120648072.35699266,132189146.88989083,0.0,0,1.0,pvalloc_29nbfs_LRG2_max_sAs2p0
18,8014245.432169927,120648072.35699266,132189146.88989083,0.0,0,1.0,pvalloc_29nbfs_LRG2_max_sAs2p0
19,8014245.432169927,120648072.35699266,132189146.88989083,0.0,0,1.0,pvalloc_29nbfs_LRG2_max_sAs2p0
20,8014245.432169927,120648072.35699266,132189146.88989083,0.0,0,1.0,pvalloc_29nbfs_LRG2_max_sAs2p0
1,0.0,156451975.93381608,12135989.95933738,11539.27164373367,591,0.041962510650383415,pvalloc_29nbfs_LRG2_max_sAs4p0
2,0.0,151667822.77855882,20728618.947922863,12806.071029483037,852,0.10245668844078387,pvalloc_29nbfs_LRG2_max_sAs4p0
3,0.0,146935745.6637542,30794895.22136912,15559.774247914642,1281,0.1934109627946606,pvalloc_29nbfs_LRG2_max_sAs4p0
4,34.46812028773013,141015893.38600123,42847147.19302699,18337.745353993174,1665,0.3116302186878728,pvalloc_29nbfs_LRG2_max_sAs4p0
5,34543.6569267827,135470453.37419698,58221051.1545583,21132.892109153476,2183,0.46662879863675094,pvalloc_29nbfs_LRG2_max_sAs4p0
6,293701.4118573242,130872258.02520777,77737973.55016401,23967.12666645421,2845,0.6686310707185459,pvalloc_29nbfs_LRG2_max_sAs4p0
7,2271994.3482406717,126617525.89359072,100571261.541517,26827.19383245021,3525,0.918915080942914,pvalloc_29nbfs_LRG2_max_sAs4p0
8,6681017.145660773,122020178.40617698,125470881.10500236,8410.918363148974,1142,1.0,pvalloc_29nbfs_LRG2_max_sAs4p0
9,8013241.420413144,120645615.45734277,132188364.63369128,0.0,0,1.0,pvalloc_29nbfs_LRG2_max_sAs4p0
10,8013241.420413144,120645615.45734277,132188364.63369128,0.0,0,1.0,pvalloc_29nbfs_LRG2_max_sAs4p0
11,8013241.420413144,120645615.45734277,132188364.63369128,0.0,0,1.0,pvalloc_29nbfs_LRG2_max_sAs4p0
12,8013241.420413144,120645615.45734277,132188364.63369128,0.0,0,1.0,pvalloc_29nbfs_LRG2_max_sAs4p0
13,8013241.420413144,120645615.45734277,132188364.63369128,0.0,0,1.0,pvalloc_29nbfs_LRG2_max_sAs4p0
14,8013241.420413144,120645615.45734277,132188364.63369128,0.0,0,1.0,pvalloc_29nbfs_LRG2_max_sAs4p0
15,8013241.420413144,120645615.45734277,132188364.63369128,0.0,0,1.0,pvalloc_29nbfs_LRG2_max_sAs4p0
16,8013241.420413144,120645615.45734277,132188364.63369128,0.0,0,1.0,pvalloc_29nbfs_LRG2_max_sAs4p0
17,8013241.420413144,120645615.45734277,132188364.63369128,0.0,0,1.0,pvalloc_29nbfs_LRG2_max_sAs4p0
18,8013241.420413144,120645615.45734277,132188364.63369128,0.0,0,1.0,pvalloc_29nbfs_LRG2_max_sAs4p0
19,8013241.420413144,120645615.45734277,132188364.63369128,0.0,0,1.0,pvalloc_29nbfs_LRG2_max_sAs4p0
20,8013241.420413144,120645615.45734277,132188364.63369128,0.0,0,1.0,pvalloc_29nbfs_LRG2_max_sAs4p0
1,0.0,156467309.3780702,12068856.951651962,11519.514207032538,588,0.041749502982107355,pvalloc_29nbfs_LRG2_max_sAs6p0
2,0.0,151736807.08438823,20701551.06862492,12807.442369331087,848,0.10195967054813973,pvalloc_29nbfs_LRG2_max_sAs6p0
3,0.0,147045057.46415552,30688132.097340688,15558.345473321924,1282,0.19298494745810849,pvalloc_29nbfs_LRG2_max_sAs6p0
4,40.709106787875555,141149310.58654553,42790030.13831417,18334.848747099153,1660,0.3108491905708606,pvalloc_29nbfs_LRG2_max_sAs6p0
5,34431.57511768292,135735859.4372275,58244924.81788363,21138.420516713195,2187,0.46613178074410677,pvalloc_29nbfs_LRG2_max_sAs6p0
6,305517.101716452,131270397.46589836,77481171.7877361,23963.974233820638,2836,0.6674950298210736,pvalloc_29nbfs_LRG2_max_sAs6p0
7,2393150.5918505494,126773771.9724166,100212180.26685745,26822.295021991213,3537,0.9186310707185459,pvalloc_29nbfs_LRG2_max_sAs6p0
8,6677687.757275851,122023860.8747962,125450943.7764777,8446.869146913998,1146,1.0,pvalloc_29nbfs_LRG2_max_sAs6p0
9,8018540.724799564,120645395.18515074,132199410.13163283,0.0,0,1.0,pvalloc_29nbfs_LRG2_max_sAs6p0
10,8018540.724799564,120645395.18515074,132199410.13163283,0.0,0,1.0,pvalloc_29nbfs_LRG2_max_sAs6p0
11,8018540.724799564,120645395.18515074,132199410.13163283,0.0,0,1.0,pvalloc_29nbfs_LRG2_max_sAs6p0
12,8018540.724799564,120645395.18515074,132199410.13163283,0.0,0,1.0,pvalloc_29nbfs_LRG2_max_sAs6p0
13,8018540.724799564,120645395.18515074,132199410.13163283,0.0,0,1.0,pvalloc_29nbfs_LRG2_max_sAs6p0
14,8018540.724799564,120645395.18515074,132199410.13163283,0.0,0,1.0,pvalloc_29nbfs_LRG2_max_sAs6p0
15,8018540.724799564,120645395.18515074,132199410.13163283,0.0,0,1.0,pvalloc_29nbfs_LRG2_max_sAs6p0
16,8018540.724799564,120645395.18515074,132199410.13163283,0.0,0,1.0,pvalloc_29nbfs_LRG2_max_sAs6p0
17,8018540.724799564,120645395.18515074,132199410.13163283,0.0,0,1.0,pvalloc_29nbfs_LRG2_max_sAs6p0
18,8018540.724799564,120645395.18515074,132199410.13163283,0.0,0,1.0,pvalloc_29nbfs_LRG2_max_sAs6p0
19,8018540.724799564,120645395.18515074,132199410.13163283,0.0,0,1.0,pvalloc_29nbfs_LRG2_max_sAs6p0
20,8018540.724799564,120645395.18515074,132199410.13163283,0.0,0,1.0,pvalloc_29nbfs_LRG2_max_sAs6p0
1,0.0,156455473.0054106,12127555.784234848,11519.7994764007,582,0.04132348764555524,pvalloc_29nbfs_LRG2_max_sBs0p4
2,0.0,151740298.91544092,20756652.080319464,12810.173778297472,873,0.1033087191138881,pvalloc_29nbfs_LRG2_max_sBs0p4
3,0.0,146909689.08595186,30890283.78907622,15559.973005229285,1253,0.1922749218971883,pvalloc_29nbfs_LRG2_max_sBs0p4
4,226.44362457195598,141215389.23116097,43101419.997243345,18332.968606265473,1709,0.3136182902584493,pvalloc_29nbfs_LRG2_max_sBs0p4
5,8877.487804929775,135507145.6626527,58498238.57580773,21137.773351033004,2352,0.48061630218687873,pvalloc_29nbfs_LRG2_max_sBs0p4
6,133039.9987526624,130684287.55524486,78340537.81915003,23967.67092732551,2896,0.6862397046293667,pvalloc_29nbfs_LRG2_max_sBs0p4
7,696772.2002818994,126374224.46066692,100954358.60641813,26825.965312408804,3353,0.9243112752059074,pvalloc_29nbfs_LRG2_max_sBs0p4
8,5328144.024346132,121951887.472178,125492029.00724511,8440.280962375087,1066,1.0,pvalloc_29nbfs_LRG2_max_sBs0p4
9,8012404.850715965,120644337.1416545,132193704.82208246,0.0,0,1.0,pvalloc_29nbfs_LRG2_max_sBs0p4
10,8012404.850715965,120644337.1416545,132193704.82208246,0.0,0,1.0,pvalloc_29nbfs_LRG2_max_sBs0p4
11,8012404.850715965,120644337.1416545,132193704.82208246,0.0,0,1.0,pvalloc_29nbfs_LRG2_max_sBs0p4
12,8012404.850715965,120644337.1416545,132193704.82208246,0.0,0,1.0,pvalloc_29nbfs_LRG2_max_sBs0p4
13,8012404.850715965,120644337.1416545,132193704.82208246,0.0,0,1.0,pvalloc_29nbfs_LRG2_max_sBs0p4
14,8012404.850715965,120644337.1416545,132193704.82208246,0.0,0,1.0,pvalloc_29nbfs_LRG2_max_sBs0p4
15,8012404.850715965,120644337.1416545,132193704.82208246,0.0,0,1.0,pvalloc_29nbfs_LRG2_max_sBs0p4
16,8012404.850715965,120644337.1416545,132193704.82208246,0.0,0,1.0,pvalloc_29nbfs_LRG2_max_sBs0p4
17,8012404.850715965,120644337.1416545,132193704.82208246,0.0,0,1.0,pvalloc_29nbfs_LRG2_max_sBs0p4
18,8012404.850715965,120644337.1416545,132193704.82208246,0.0,0,1.0,pvalloc_29nbfs_LRG2_max_sBs0p4
19,8012404.850715965,120644337.1416545,132193704.82208246,0.0,0,1.0,pvalloc_29nbfs_LRG2_max_sBs0p4
20,8012404.850715965,120644337.1416545,132193704.82208246,0.0,0,1.0,pvalloc_29nbfs_LRG2_max_sBs0p4
1,0.0,156455553.060431,12117153.007002778,11531.785332460753,582,0.04132348764555524,pvalloc_29nbfs_LRG2_max_sBs0p6
2,0.0,151774454.58458075,20787154.786657263,12805.722618734051,869,0.10302470888952002,pvalloc_29nbfs_LRG2_max_sBs0p6
3,0.0,147058097.14922458,30986348.833182987,15556.832674453126,1247,0.1915648963362681,pvalloc_29nbfs_LRG2_max_sBs0p6
4,1250.3392492379805,141516753.88469905,43289296.26781475,18335.474239934258,1762,0.3166714001704061,pvalloc_29nbfs_LRG2_max_sBs0p6
5,2931.2455523110148,135885131.7586527,58932128.8625016,21134.354280548705,2390,0.4863675092303323,pvalloc_29nbfs_LRG2_max_sBs0p6
6,136168.51779334905,131134299.601034,78790393.23666318,23963.38808083073,2983,0.6981681340528259,pvalloc_29nbfs_LRG2_max_sBs0p6
7,488762.2185835285,126861798.05627911,100801413.0556966,26826.172720809664,3181,0.9240272649815393,pvalloc_29nbfs_LRG2_max_sBs0p6
8,5126273.247751265,121962561.67636955,125392578.56828792,8442.896564474508,1070,1.0,pvalloc_29nbfs_LRG2_max_sBs0p6
9,8017189.656210921,120643581.6745639,132201788.92004709,0.0,0,1.0,pvalloc_29nbfs_LRG2_max_sBs0p6
10,8017189.656210921,120643581.6745639,132201788.92004709,0.0,0,1.0,pvalloc_29nbfs_LRG2_max_sBs0p6
11,8017189.656210921,120643581.6745639,132201788.92004709,0.0,0,1.0,pvalloc_29nbfs_LRG2_max_sBs0p6
12,8017189.656210921,120643581.6745639,132201788.92004709,0.0,0,1.0,pvalloc_29nbfs_LRG2_max_sBs0p6
13,8017189.656210921,120643581.6745639,132201788.92004709,0.0,0,1.0,pvalloc_29nbfs_LRG2_max_sBs0p6
14,8017189.656210921,120643581.6745639,132201788.92004709,0.0,0,1.0,pvalloc_29nbfs_LRG2_max_sBs0p6
15,8017189.656210921,120643581.6745639,132201788.92004709,0.0,0,1.0,pvalloc_29nbfs_LRG2_max_sBs0p6
16,8017189.656210921,120643581.6745639,132201788.92004709,0.0,0,1.0,pvalloc_29nbfs_LRG2_max_sBs0p6
17,8017189.656210921,120643581.6745639,132201788.92004709,0.0,0,1.0,pvalloc_29nbfs_LRG2_max_sBs0p6
18,8017189.656210921,120643581.6745639,132201788.92004709,0.0,0,1.0,pvalloc_29nbfs_LRG2_max_sBs0p6
19,8017189.656210921,120643581.6745639,132201788.92004709,0.0,0,1.0,pvalloc_29nbfs_LRG2_max_sBs0p6
20,8017189.656210921,120643581.6745639,132201788.92004709,0.0,0,1.0,pvalloc_29nbfs_LRG2_max_sBs0p6
1,0.0,156456831.83468547,12127787.137496369,11521.028759732628,582,0.04132348764555524,pvalloc_29nbfs_LRG2_max_sBs0p8
2,0.0,151780352.98172826,20768356.470727395,12806.210109778787,868,0.102953706333428,pvalloc_29nbfs_LRG2_max_sBs0p8
3,0.0,147057773.416923,30991147.83406829,15557.349298739126,1247,0.1914938937801761,pvalloc_29nbfs_LRG2_max_sBs0p8
4,1256.4013584534587,141513972.80563596,43291082.89745555,18334.58967981838,1760,0.3164583925021301,pvalloc_29nbfs_LRG2_max_sBs0p8
5,2890.231347335238,135896856.0835831,58928378.47148366,21131.92805400349,2391,0.48622550411814824,pvalloc_29nbfs_LRG2_max_sBs0p8
6,135997.7101299505,131150477.11648373,78776621.93854296,23967.197761615338,2983,0.6980261289406419,pvalloc_29nbfs_LRG2_max_sBs0p8
7,483247.91649913305,126870279.38912539,100755199.8855056,26825.200972854378,3181,0.9238852598693553,pvalloc_29nbfs_LRG2_max_sBs0p8
8,5116766.376536482,121961718.99210812,125368320.29966524,8458.086584419829,1072,1.0,pvalloc_29nbfs_LRG2_max_sBs0p8
9,8016022.529363113,120643827.3306859,132193563.49251798,0.0,0,1.0,pvalloc_29nbfs_LRG2_max_sBs0p8
10,8016022.529363113,120643827.3306859,132193563.49251798,0.0,0,1.0,pvalloc_29nbfs_LRG2_max_sBs0p8
11,8016022.529363113,120643827.3306859,132193563.49251798,0.0,0,1.0,pvalloc_29nbfs_LRG2_max_sBs0p8
12,8016022.529363113,120643827.3306859,132193563.49251798,0.0,0,1.0,pvalloc_29nbfs_LRG2_max_sBs0p8
13,8016022.529363113,120643827.3306859,132193563.49251798,0.0,0,1.0,pvalloc_29nbfs_LRG2_max_sBs0p8
14,8016022.529363113,120643827.3306859,132193563.49251798,0.0,0,1.0,pvalloc_29nbfs_LRG2_max_sBs0p8
15,8016022.529363113,120643827.3306859,132193563.49251798,0.0,0,1.0,pvalloc_29nbfs_LRG2_max_sBs0p8
16,8016022.529363113,120643827.3306859,132193563.49251798,0.0,0,1.0,pvalloc_29nbfs_LRG2_max_sBs0p8
17,8016022.529363113,120643827.3306859,132193563.49251798,0.0,0,1.0,pvalloc_29nbfs_LRG2_max_sBs0p8
18,8016022.529363113,120643827.3306859,132193563.49251798,0.0,0,1.0,pvalloc_29nbfs_LRG2_max_sBs0p8
19,8016022.529363113,120643827.3306859,132193563.49251798,0.0,0,1.0,pvalloc_29nbfs_LRG2_max_sBs0p8
20,8016022.529363113,120643827.3306859,132193563.49251798,0.0,0,1.0,pvalloc_29nbfs_LRG2_max_sBs0p8
1,0.0,156456564.5687552,12115962.854159815,11536.192664312983,585,0.0415364953138313,pvalloc_29nbfs_LRG2_max_sCs2p4
2,0.0,151725929.54841676,20735112.85104818,12815.296044723806,858,0.10245668844078387,pvalloc_29nbfs_LRG2_max_sCs2p4
3,0.0,147012352.12355202,30944993.21506208,15553.536195404839,1259,0.1918489065606362,pvalloc_29nbfs_LRG2_max_sCs2p4
4,34.148138305921975,141222737.16576618,43030351.32877115,18334.295341712488,1700,0.312553251917069,pvalloc_29nbfs_LRG2_max_sCs2p4
5,7647.486523637261,135520798.60095128,58355970.40775371,21134.49446607114,2287,0.47493609769951717,pvalloc_29nbfs_LRG2_max_sCs2p4
6,141212.61585820466,130869021.53514163,78163708.78942178,23964.62420411288,2901,0.6809145129224652,pvalloc_29nbfs_LRG2_max_sCs2p4
7,881082.5680636722,126591186.3769407,100911207.04016909,26826.2199593405,3387,0.9214001704061346,pvalloc_29nbfs_LRG2_max_sCs2p4
8,5366265.434006086,122032399.10304193,125386154.83536296,8424.841726103426,1107,1.0,pvalloc_29nbfs_LRG2_max_sCs2p4
9,8016614.275423102,120643392.74595714,132194904.13920341,0.0,0,1.0,pvalloc_29nbfs_LRG2_max_sCs2p4
10,8016614.275423102,120643392.74595714,132194904.13920341,0.0,0,1.0,pvalloc_29nbfs_LRG2_max_sCs2p4
11,8016614.275423102,120643392.74595714,132194904.13920341,0.0,0,1.0,pvalloc_29nbfs_LRG2_max_sCs2p4
12,8016614.275423102,120643392.74595714,132194904.13920341,0.0,0,1.0,pvalloc_29nbfs_LRG2_max_sCs2p4
13,8016614.275423102,120643392.74595714,132194904.13920341,0.0,0,1.0,pvalloc_29nbfs_LRG2_max_sCs2p4
14,8016614.275423102,120643392.74595714,132194904.13920341,0.0,0,1.0,pvalloc_29nbfs_LRG2_max_sCs2p4
15,8016614.275423102,120643392.74595714,132194904.13920341,0.0,0,1.0,pvalloc_29nbfs_LRG2_max_sCs2p4
16,8016614.275423102,120643392.74595714,132194904.13920341,0.0,0,1.0,pvalloc_29nbfs_LRG2_max_sCs2p4
17,8016614.275423102,120643392.74595714,132194904.13920341,0.0,0,1.0,pvalloc_29nbfs_LRG2_max_sCs2p4
18,8016614.275423102,120643392.74595714,132194904.13920341,0.0,0,1.0,pvalloc_29nbfs_LRG2_max_sCs2p4
19,8016614.275423102,120643392.74595714,132194904.13920341,0.0,0,1.0,pvalloc_29nbfs_LRG2_max_sCs2p4
20,8016614.275423102,120643392.74595714,132194904.13920341,0.0,0,1.0,pvalloc_29nbfs_LRG2_max_sCs2p4
1,0.0,156452812.96101204,12137556.07799411,11532.981963760278,582,0.04132348764555524,pvalloc_29nbfs_LRG2_max_sCs2p6
2,0.0,151763425.77091601,20794142.487265393,12807.234027818879,857,0.10217267821641579,pvalloc_29nbfs_LRG2_max_sCs2p6
3,0.0,147093733.48566636,31024206.50391374,15552.920759030589,1259,0.1915648963362681,pvalloc_29nbfs_LRG2_max_sCs2p6
4,227.0711500891507,141352797.6009664,43177595.88797499,18337.3111025066,1716,0.31340528259017325,pvalloc_29nbfs_LRG2_max_sCs2p6
5,1706.864135446588,135724949.01050633,58608184.635769896,21131.519423888774,2305,0.4770661743822778,pvalloc_29nbfs_LRG2_max_sCs2p6
6,118750.42965117232,131087050.43145247,78313140.90357882,23965.84365884208,2956,0.6869497301902868,pvalloc_29nbfs_LRG2_max_sCs2p6
7,494818.8667656918,126765936.11801481,100743028.3182556,26823.697944219643,3297,0.9210451576256745,pvalloc_29nbfs_LRG2_max_sCs2p6
8,5344906.15464669,122027090.01479618,125398919.7003875,8448.42364288644,1112,1.0,pvalloc_29nbfs_LRG2_max_sCs2p6
9,8013623.309478074,120643783.99524073,132200214.27732715,0.0,0,1.0,pvalloc_29nbfs_LRG2_max_sCs2p6
10,8013623.309478074,120643783.99524073,132200214.27732715,0.0,0,1.0,pvalloc_29nbfs_LRG2_max_sCs2p6
11,8013623.309478074,120643783.99524073,132200214.27732715,0.0,0,1.0,pvalloc_29nbfs_LRG2_max_sCs2p6
12,8013623.309478074,120643783.99524073,132200214.27732715,0.0,0,1.0,pvalloc_29nbfs_LRG2_max_sCs2p6
13,8013623.309478074,120643783.99524073,132200214.27732715,0.0,0,1.0,pvalloc_29nbfs_LRG2_max_sCs2p6
14,8013623.309478074,120643783.99524073,132200214.27732715,0.0,0,1.0,pvalloc_29nbfs_LRG2_max_sCs2p6
15,8013623.309478074,120643783.99524073,132200214.27732715,0.0,0,1.0,pvalloc_29nbfs_LRG2_max_sCs2p6
16,8013623.309478074,120643783.99524073,132200214.27732715,0.0,0,1.0,pvalloc_29nbfs_LRG2_max_sCs2p6
17,8013623.309478074,120643783.99524073,132200214.27732715,0.0,0,1.0,pvalloc_29nbfs_LRG2_max_sCs2p6
18,8013623.309478074,120643783.99524073,132200214.27732715,0.0,0,1.0,pvalloc_29nbfs_LRG2_max_sCs2p6
19,8013623.309478074,120643783.99524073,132200214.27732715,0.0,0,1.0,pvalloc_29nbfs_LRG2_max_sCs2p6
20,8013623.309478074,120643783.99524073,132200214.27732715,0.0,0,1.0,pvalloc_29nbfs_LRG2_max_sCs2p6
1,0.0,156455062.0194304,12124972.753349284,11531.27988297419,582,0.04132348764555524,pvalloc_29nbfs_LRG2_max_sCs2p8
2,0.0,151794635.81601012,20783984.28950045,12805.18014187748,858,0.10224368077250781,pvalloc_29nbfs_LRG2_max_sCs2p8
3,0.0,147167591.4471187,31082990.94031812,15556.703497112423,1254,0.19128088611190003,pvalloc_29nbfs_LRG2_max_sCs2p8
4,746.8321789066442,141511557.80560705,43260088.75507328,18329.841199362014,1727,0.31390230048281736,pvalloc_29nbfs_LRG2_max_sCs2p8
5,929.5461195117355,135981941.84825832,58827785.307933025,21138.17275590004,2340,0.48004828173814257,pvalloc_29nbfs_LRG2_max_sCs2p8
6,108505.29108548201,131323038.04649396,78454346.61869024,23963.67872491906,3013,0.6939789832433968,pvalloc_29nbfs_LRG2_max_sCs2p8
7,342085.9505253489,126955475.41135362,100577967.34901114,26824.304555880713,3206,0.9216131780744107,pvalloc_29nbfs_LRG2_max_sCs2p8
8,5130209.483118241,122035674.53272372,125323020.00339426,8434.634142210258,1104,1.0,pvalloc_29nbfs_LRG2_max_sCs2p8
9,8009331.554884283,120646124.34524903,132176436.2658419,0.0,0,1.0,pvalloc_29nbfs_LRG2_max_sCs2p8
10,8009331.554884283,120646124.34524903,132176436.2658419,0.0,0,1.0,pvalloc_29nbfs_LRG2_max_sCs2p8
11,8009331.554884283,120646124.34524903,132176436.2658419,0.0,0,1.0,pvalloc_29nbfs_LRG2_max_sCs2p8
12,8009331.554884283,120646124.34524903,132176436.2658419,0.0,0,1.0,pvalloc_29nbfs_LRG2_max_sCs2p8
13,8009331.554884283,120646124.34524903,132176436.2658419,0.0,0,1.0,pvalloc_29nbfs_LRG2_max_sCs2p8
14,8009331.554884283,120646124.34524903,132176436.2658419,0.0,0,1.0,pvalloc_29nbfs_LRG2_max_sCs2p8
15,8009331.554884283,120646124.34524903,132176436.2658419,0.0,0,1.0,pvalloc_29nbfs_LRG2_max_sCs2p8
16,8009331.554884283,120646124.34524903,132176436.2658419,0.0,0,1.0,pvalloc_29nbfs_LRG2_max_sCs2p8
17,8009331.554884283,120646124.34524903,132176436.2658419,0.0,0,1.0,pvalloc_29nbfs_LRG2_max_sCs2p8
18,8009331.554884283,120646124.34524903,132176436.2658419,0.0,0,1.0,pvalloc_29nbfs_LRG2_max_sCs2p8
19,8009331.554884283,120646124.34524903,132176436.2658419,0.0,0,1.0,pvalloc_29nbfs_LRG2_max_sCs2p8
20,8009331.554884283,120646124.34524903,132176436.2658419,0.0,0,1.0,pvalloc_29nbfs_LRG2_max_sCs2p8
1,0.0,156459052.45695415,12101795.341536917,11524.1117806188,585,0.0415364953138313,pvalloc_29nbfs_LRG2_max_sCs4p4
2,0.0,151759349.84230545,20753325.57557193,12810.074278943668,849,0.10181766543595569,pvalloc_29nbfs_LRG2_max_sCs4p4
3,0.0,147072303.11174452,30908689.773735266,15557.093868096184,1263,0.1914938937801761,pvalloc_29nbfs_LRG2_max_sCs4p4
4,34.2895868682005,141243058.86111024,42981053.909603044,18330.416000420522,1690,0.31148821357568873,pvalloc_29nbfs_LRG2_max_sCs4p4
5,8543.05474751387,135676114.6155809,58323049.40853118,21136.847918887823,2252,0.4713859698949162,pvalloc_29nbfs_LRG2_max_sCs4p4
6,144970.47361195597,131171602.35574678,77961032.02020437,23963.98179000131,2895,0.6769383697813122,pvalloc_29nbfs_LRG2_max_sCs4p4
7,653363.6015983137,126714147.23230636,100644137.69375667,26827.72400371676,3434,0.9207611474013064,pvalloc_29nbfs_LRG2_max_sCs4p4
8,5456600.041379177,122056710.88031104,125320623.98280464,8441.608470855881,1116,1.0,pvalloc_29nbfs_LRG2_max_sCs4p4
9,8012669.296624556,120646777.72337584,132189336.84994832,0.0,0,1.0,pvalloc_29nbfs_LRG2_max_sCs4p4
10,8012669.296624556,120646777.72337584,132189336.84994832,0.0,0,1.0,pvalloc_29nbfs_LRG2_max_sCs4p4
11,8012669.296624556,120646777.72337584,132189336.84994832,0.0,0,1.0,pvalloc_29nbfs_LRG2_max_sCs4p4
12,8012669.296624556,120646777.72337584,132189336.84994832,0.0,0,1.0,pvalloc_29nbfs_LRG2_max_sCs4p4
13,8012669.296624556,120646777.72337584,132189336.84994832,0.0,0,1.0,pvalloc_29nbfs_LRG2_max_sCs4p4
14,8012669.296624556,120646777.72337584,132189336.84994832,0.0,0,1.0,pvalloc_29nbfs_LRG2_max_sCs4p4
15,8012669.296624556,120646777.72337584,132189336.84994832,0.0,0,1.0,pvalloc_29nbfs_LRG2_max_sCs4p4
16,8012669.296624556,120646777.72337584,132189336.84994832,0.0,0,1.0,pvalloc_29nbfs_LRG2_max_sCs4p4
17,8012669.296624556,120646777.72337584,132189336.84994832,0.0,0,1.0,pvalloc_29nbfs_LRG2_max_sCs4p4
18,8012669.296624556,120646777.72337584,132189336.84994832,0.0,0,1.0,pvalloc_29nbfs_LRG2_max_sCs4p4
19,8012669.296624556,120646777.72337584,132189336.84994832,0.0,0,1.0,pvalloc_29nbfs_LRG2_max_sCs4p4
20,8012669.296624556,120646777.72337584,132189336.84994832,0.0,0,1.0,pvalloc_29nbfs_LRG2_max_sCs4p4
1,0.0,156454314.92384857,12123180.172868602,11538.649522572094,585,0.0415364953138313,pvalloc_29nbfs_LRG2_max_sCs4p6
2,0.0,151773626.86348036,20806525.90544844,12811.977513130045,849,0.10181766543595569,pvalloc_29nbfs_LRG2_max_sCs4p6
3,0.0,147146453.69953474,31004824.8395344,15554.342111733884,1260,0.19128088611190003,pvalloc_29nbfs_LRG2_max_sCs4p6
4,34.348590574937816,141382305.68111497,43119832.74330212,18330.352452712985,1695,0.3116302186878728,pvalloc_29nbfs_LRG2_max_sCs4p6
5,698.4440954149022,135892940.7135894,58527215.53365003,21131.242670707892,2295,0.4745810849190571,pvalloc_29nbfs_LRG2_max_sCs4p6
6,149200.59725183816,131398362.63400058,78156782.38641885,23961.541697397643,2932,0.6827605793808577,pvalloc_29nbfs_LRG2_max_sCs4p6
7,318308.5005803767,126848288.93668573,100555988.82384144,26820.84527951706,3353,0.9208321499573985,pvalloc_29nbfs_LRG2_max_sCs4p6
8,5406968.575052725,122059721.28798491,125327767.81070736,8446.970336352582,1115,1.0,pvalloc_29nbfs_LRG2_max_sCs4p6
9,8016597.819034425,120647641.47242354,132194852.08832484,0.0,0,1.0,pvalloc_29nbfs_LRG2_max_sCs4p6
10,8016597.819034425,120647641.47242354,132194852.08832484,0.0,0,1.0,pvalloc_29nbfs_LRG2_max_sCs4p6
11,8016597.819034425,120647641.47242354,132194852.08832484,0.0,0,1.0,pvalloc_29nbfs_LRG2_max_sCs4p6
12,8016597.819034425,120647641.47242354,132194852.08832484,0.0,0,1.0,pvalloc_29nbfs_LRG2_max_sCs4p6
13,8016597.819034425,120647641.47242354,132194852.08832484,0.0,0,1.0,pvalloc_29nbfs_LRG2_max_sCs4p6
14,8016597.819034425,120647641.47242354,132194852.08832484,0.0,0,1.0,pvalloc_29nbfs_LRG2_max_sCs4p6
15,8016597.819034425,120647641.47242354,132194852.08832484,0.0,0,1.0,pvalloc_29nbfs_LRG2_max_sCs4p6
16,8016597.819034425,120647641.47242354,132194852.08832484,0.0,0,1.0,pvalloc_29nbfs_LRG2_max_sCs4p6
17,8016597.819034425,120647641.47242354,132194852.08832484,0.0,0,1.0,pvalloc_29nbfs_LRG2_max_sCs4p6
18,8016597.819034425,120647641.47242354,132194852.08832484,0.0,0,1.0,pvalloc_29nbfs_LRG2_max_sCs4p6
19,8016597.819034425,120647641.47242354,132194852.08832484,0.0,0,1.0,pvalloc_29nbfs_LRG2_max_sCs4p6
20,8016597.819034425,120647641.47242354,132194852.08832484,0.0,0,1.0,pvalloc_29nbfs_LRG2_max_sCs4p6
1,0.0,156457292.7012453,12112190.510039885,11528.490895640605,583,0.04139449020164726,pvalloc_29nbfs_LRG2_max_sCs4p8
2,0.0,151815328.63335484,20813159.325194526,12805.294430605745,851,0.10181766543595569,pvalloc_29nbfs_LRG2_max_sCs4p8
3,0.0,147227405.9675993,31056360.58128616,15559.27700486936,1255,0.19092587333143993,pvalloc_29nbfs_LRG2_max_sCs4p8
4,111.8572553620109,141550719.73471516,43214523.0845682,18336.326231244242,1706,0.3120562340244249,pvalloc_29nbfs_LRG2_max_sCs4p8
5,1566.7492975989462,136173795.31565484,58792901.882317334,21136.062105315246,2339,0.47813121272365805,pvalloc_29nbfs_LRG2_max_sCs4p8
6,187168.83550179185,131679753.3300328,78335022.93039803,23966.71413157764,2974,0.6892928145413235,pvalloc_29nbfs_LRG2_max_sCs4p8
7,403213.3945097618,127036524.84807062,100537644.77966921,26821.814024362306,3260,0.9207611474013064,pvalloc_29nbfs_LRG2_max_sCs4p8
8,5311718.407747701,122064068.20406778,125276176.49631137,8438.278231832961,1116,1.0,pvalloc_29nbfs_LRG2_max_sCs4p8
9,8016769.500275313,120642722.33696765,132191978.51102607,0.0,0,1.0,pvalloc_29nbfs_LRG2_max_sCs4p8
10,8016769.500275313,120642722.33696765,132191978.51102607,0.0,0,1.0,pvalloc_29nbfs_LRG2_max_sCs4p8
11,8016769.500275313,120642722.33696765,132191978.51102607,0.0,0,1.0,pvalloc_29nbfs_LRG2_max_sCs4p8
12,8016769.500275313,120642722.33696765,132191978.51102607,0.0,0,1.0,pvalloc_29nbfs_LRG2_max_sCs4p8
13,8016769.500275313,120642722.33696765,132191978.51102607,0.0,0,1.0,pvalloc_29nbfs_LRG2_max_sCs4p8
14,8016769.500275313,120642722.33696765,132191978.51102607,0.0,0,1.0,pvalloc_29nbfs_LRG2_max_sCs4p8
15,8016769.500275313,120642722.33696765,132191978.51102607,0.0,0,1.0,pvalloc_29nbfs_LRG2_max_sCs4p8
16,8016769.500275313,120642722.33696765,132191978.51102607,0.0,0,1.0,pvalloc_29nbfs_LRG2_max_sCs4p8
17,8016769.500275313,120642722.33696765,132191978.51102607,0.0,0,1.0,pvalloc_29nbfs_LRG2_max_sCs4p8
18,8016769.500275313,120642722.33696765,132191978.51102607,0.0,0,1.0,pvalloc_29nbfs_LRG2_max_sCs4p8
19,8016769.500275313,120642722.33696765,132191978.51102607,0.0,0,1.0,pvalloc_29nbfs_LRG2_max_sCs4p8
20,8016769.500275313,120642722.33696765,132191978.51102607,0.0,0,1.0,pvalloc_29nbfs_LRG2_max_sCs4p8
1,0.0,156453846.47770008,12138442.258231217,11526.706126797586,585,0.0415364953138313,pvalloc_29nbfs_LRG2_max_sCs6p4
2,0.0,151797156.63475057,20821142.776133902,12812.002588145167,841,0.10124964498721954,pvalloc_29nbfs_LRG2_max_sCs6p4
3,0.0,147174128.38477314,30928524.117165,15558.703171336652,1273,0.19163589889236013,pvalloc_29nbfs_LRG2_max_sCs6p4
4,34.32098169384119,141358383.2195529,43072225.658875644,18333.043629745436,1691,0.31170122124396477,pvalloc_29nbfs_LRG2_max_sCs6p4
5,3115.9104266074214,135966940.06895682,58421633.43544735,21131.26958119122,2254,0.4717409826753763,pvalloc_29nbfs_LRG2_max_sCs6p4
6,147253.5759521174,131630011.92466354,77860826.68238643,23969.13081332711,2871,0.6755893212155638,pvalloc_29nbfs_LRG2_max_sCs6p4
7,842647.9532512997,126818322.18780763,100489949.8831357,26820.069486439606,3454,0.9208321499573985,pvalloc_29nbfs_LRG2_max_sCs6p4
8,5439038.3911571745,122061176.09158541,125315206.26909469,8441.67669920274,1115,1.0,pvalloc_29nbfs_LRG2_max_sCs6p4
9,8013772.427026416,120645653.79239433,132183225.81447868,0.0,0,1.0,pvalloc_29nbfs_LRG2_max_sCs6p4
10,8013772.427026416,120645653.79239433,132183225.81447868,0.0,0,1.0,pvalloc_29nbfs_LRG2_max_sCs6p4
11,8013772.427026416,120645653.79239433,132183225.81447868,0.0,0,1.0,pvalloc_29nbfs_LRG2_max_sCs6p4
12,8013772.427026416,120645653.79239433,132183225.81447868,0.0,0,1.0,pvalloc_29nbfs_LRG2_max_sCs6p4
13,8013772.427026416,120645653.79239433,132183225.81447868,0.0,0,1.0,pvalloc_29nbfs_LRG2_max_sCs6p4
14,8013772.427026416,120645653.79239433,132183225.81447868,0.0,0,1.0,pvalloc_29nbfs_LRG2_max_sCs6p4
15,8013772.427026416,120645653.79239433,132183225.81447868,0.0,0,1.0,pvalloc_29nbfs_LRG2_max_sCs6p4
16,8013772.427026416,120645653.79239433,132183225.81447868,0.0,0,1.0,pvalloc_29nbfs_LRG2_max_sCs6p4
17,8013772.427026416,120645653.79239433,132183225.81447868,0.0,0,1.0,pvalloc_29nbfs_LRG2_max_sCs6p4
18,8013772.427026416,120645653.79239433,132183225.81447868,0.0,0,1.0,pvalloc_29nbfs_LRG2_max_sCs6p4
19,8013772.427026416,120645653.79239433,132183225.81447868,0.0,0,1.0,pvalloc_29nbfs_LRG2_max_sCs6p4
20,8013772.427026416,120645653.79239433,132183225.81447868,0.0,0,1.0,pvalloc_29nbfs_LRG2_max_sCs6p4
1,0.0,156456456.85371873,12119079.129589586,11531.78345232934,585,0.0415364953138313,pvalloc_29nbfs_LRG2_max_sCs6p6
2,0.0,151821839.9712028,20829547.825822953,12808.371637348695,840,0.10117864243112752,pvalloc_29nbfs_LRG2_max_sCs6p6
3,0.0,147250494.66737437,30974629.274730593,15560.513081704903,1268,0.191209883555808,pvalloc_29nbfs_LRG2_max_sCs6p6
4,34.40896551814262,141496391.38568866,43151187.68130076,18332.866771980174,1696,0.3116302186878728,pvalloc_29nbfs_LRG2_max_sCs6p6
5,864.5459683000884,136226827.1933309,58605422.37061718,21131.321507571425,2296,0.4746520874751491,pvalloc_29nbfs_LRG2_max_sCs6p6
6,157004.081192343,131825789.03220686,77929501.49884592,23964.00938954635,2900,0.6805595001420051,pvalloc_29nbfs_LRG2_max_sCs6p6
7,490055.18970572925,126978770.0112547,100430024.6132823,26821.74810483371,3377,0.9203351320647544,pvalloc_29nbfs_LRG2_max_sCs6p6
8,5482551.549650479,122061347.73801869,125274538.48886345,8445.958539498663,1122,1.0,pvalloc_29nbfs_LRG2_max_sCs6p6
9,8018378.793719041,120644351.75359699,132205535.64075896,0.0,0,1.0,pvalloc_29nbfs_LRG2_max_sCs6p6
10,8018378.793719041,120644351.75359699,132205535.64075896,0.0,0,1.0,pvalloc_29nbfs_LRG2_max_sCs6p6
11,8018378.793719041,120644351.75359699,132205535.64075896,0.0,0,1.0,pvalloc_29nbfs_LRG2_max_sCs6p6
12,8018378.793719041,120644351.75359699,132205535.64075896,0.0,0,1.0,pvalloc_29nbfs_LRG2_max_sCs6p6
13,8018378.793719041,120644351.75359699,132205535.64075896,0.0,0,1.0,pvalloc_29nbfs_LRG2_max_sCs6p6
14,8018378.793719041,120644351.75359699,132205535.64075896,0.0,0,1.0,pvalloc_29nbfs_LRG2_max_sCs6p6
15,8018378.793719041,120644351.75359699,132205535.64075896,0.0,0,1.0,pvalloc_29nbfs_LRG2_max_sCs6p6
16,8018378.793719041,120644351.75359699,132205535.64075896,0.0,0,1.0,pvalloc_29nbfs_LRG2_max_sCs6p6
17,8018378.793719041,120644351.75359699,132205535.64075896,0.0,0,1.0,pvalloc_29nbfs_LRG2_max_sCs6p6
18,8018378.793719041,120644351.75359699,132205535.64075896,0.0,0,1.0,pvalloc_29nbfs_LRG2_max_sCs6p6
19,8018378.793719041,120644351.75359699,132205535.64075896,0.0,0,1.0,pvalloc_29nbfs_LRG2_max_sCs6p6
20,8018378.793719041,120644351.75359699,132205535.64075896,0.0,0,1.0,pvalloc_29nbfs_LRG2_max_sCs6p6
1,0.0,156456538.92047158,12126619.79098058,11533.64474498993,584,0.04146549275773928,pvalloc_29nbfs_LRG2_max_sCs6p8
2,0.0,151858952.19174635,20843730.737018995,12807.40974649807,845,0.1014626526554956,pvalloc_29nbfs_LRG2_max_sCs6p8
3,0.0,147303153.06329843,31018728.42264979,15562.5203639343,1262,0.19106787844362397,pvalloc_29nbfs_LRG2_max_sCs6p8
4,34.15318971316884,141639890.1768068,43286132.0423339,18329.555421945905,1707,0.3122692416927009,pvalloc_29nbfs_LRG2_max_sCs6p8
5,1107.7250098002023,136481823.1909433,58833305.54539062,21140.47220643591,2332,0.47784720249928997,pvalloc_29nbfs_LRG2_max_sCs6p8
6,187207.17564787366,132008530.1237944,78119873.23394138,23965.824287050957,2928,0.6857426867367226,pvalloc_29nbfs_LRG2_max_sCs6p8
7,346148.69370163867,127125992.88017185,100422580.92015164,26826.82909387873,3303,0.9202641295086623,pvalloc_29nbfs_LRG2_max_sCs6p8
8,5364901.018642414,122057219.89139731,125273287.4589891,8435.50275804164,1123,1.0,pvalloc_29nbfs_LRG2_max_sCs6p8
9,8018754.180746116,120643768.17647713,132206839.96557504,0.0,0,1.0,pvalloc_29nbfs_LRG2_max_sCs6p8
10,8018754.180746116,120643768.17647713,132206839.96557504,0.0,0,1.0,pvalloc_29nbfs_LRG2_max_sCs6p8
11,8018754.180746116,120643768.17647713,132206839.96557504,0.0,0,1.0,pvalloc_29nbfs_LRG2_max_sCs6p8
12,8018754.180746116,120643768.17647713,132206839.96557504,0.0,0,1.0,pvalloc_29nbfs_LRG2_max_sCs6p8
13,8018754.180746116,120643768.17647713,132206839.96557504,0.0,0,1.0,pvalloc_29nbfs_LRG2_max_sCs6p8
14,8018754.180746116,120643768.17647713,132206839.96557504,0.0,0,1.0,pvalloc_29nbfs_LRG2_max_sCs6p8
15,8018754.180746116,120643768.17647713,132206839.96557504,0.0,0,1.0,pvalloc_29nbfs_LRG2_max_sCs6p8
16,8018754.180746116,120643768.17647713,132206839.96557504,0.0,0,1.0,pvalloc_29nbfs_LRG2_max_sCs6p8
17,8018754.180746116,120643768.17647713,132206839.96557504,0.0,0,1.0,pvalloc_29nbfs_LRG2_max_sCs6p8
18,8018754.180746116,120643768.17647713,132206839.96557504,0.0,0,1.0,pvalloc_29nbfs_LRG2_max_sCs6p8
19,8018754.180746116,120643768.17647713,132206839.96557504,0.0,0,1.0,pvalloc_29nbfs_LRG2_max_sCs6p8
20,8018754.180746116,120643768.17647713,132206839.96557504,0.0,0,1.0,pvalloc_29nbfs_LRG2_max_sCs6p8
