scen,iter,col,category,count
pvalloc_29nbfs_LRG2_gridoptim_max,1,GKLAS,1121,56
pvalloc_29nbfs_LRG2_gridoptim_max,1,GKLAS,1110,370
pvalloc_29nbfs_LRG2_gridoptim_max,1,GKLAS,1122,455
pvalloc_29nbfs_LRG2_gridoptim_max,1,are_typ,Rural,201
pvalloc_29nbfs_LRG2_gridoptim_max,1,are_typ,Urban,379
pvalloc_29nbfs_LRG2_gridoptim_max,1,are_typ,Suburban,301
pvalloc_29nbfs_LRG2_gridoptim_max,1,heatpump_TF,heatpump,79
pvalloc_29nbfs_LRG2_gridoptim_max,1,heatpump_TF,no_heatpump,802
pvalloc_29nbfs_LRG2_gridoptim_max,1,filter_tag,south_50pr,88
pvalloc_29nbfs_LRG2_gridoptim_max,1,filter_tag,south_40pr,120
pvalloc_29nbfs_LRG2_gridoptim_max,1,filter_tag,eastwest_70pr,45
pvalloc_29nbfs_LRG2_gridoptim_max,1,filter_tag,na,427
pvalloc_29nbfs_LRG2_gridoptim_max,1,filter_tag,eastwest_80pr,201
pvalloc_29nbfs_LRG2_gridoptim_max,2,GKLAS,1121,63
pvalloc_29nbfs_LRG2_gridoptim_max,2,GKLAS,1122,461
pvalloc_29nbfs_LRG2_gridoptim_max,2,GKLAS,1110,834
pvalloc_29nbfs_LRG2_gridoptim_max,2,are_typ,Suburban,466
pvalloc_29nbfs_LRG2_gridoptim_max,2,are_typ,Rural,268
pvalloc_29nbfs_LRG2_gridoptim_max,2,are_typ,Urban,624
pvalloc_29nbfs_LRG2_gridoptim_max,2,heatpump_TF,heatpump,180
pvalloc_29nbfs_LRG2_gridoptim_max,2,heatpump_TF,no_heatpump,1178
pvalloc_29nbfs_LRG2_gridoptim_max,2,filter_tag,south_40pr,156
pvalloc_29nbfs_LRG2_gridoptim_max,2,filter_tag,south_50pr,113
pvalloc_29nbfs_LRG2_gridoptim_max,2,filter_tag,na,641
pvalloc_29nbfs_LRG2_gridoptim_max,2,filter_tag,eastwest_70pr,75
pvalloc_29nbfs_LRG2_gridoptim_max,2,filter_tag,eastwest_80pr,373
pvalloc_29nbfs_LRG2_gridoptim_max,3,GKLAS,1121,91
pvalloc_29nbfs_LRG2_gridoptim_max,3,GKLAS,1122,476
pvalloc_29nbfs_LRG2_gridoptim_max,3,GKLAS,1110,1484
pvalloc_29nbfs_LRG2_gridoptim_max,3,are_typ,Rural,300
pvalloc_29nbfs_LRG2_gridoptim_max,3,are_typ,Suburban,699
pvalloc_29nbfs_LRG2_gridoptim_max,3,are_typ,Urban,1052
pvalloc_29nbfs_LRG2_gridoptim_max,3,heatpump_TF,heatpump,237
pvalloc_29nbfs_LRG2_gridoptim_max,3,heatpump_TF,no_heatpump,1814
pvalloc_29nbfs_LRG2_gridoptim_max,3,filter_tag,eastwest_80pr,611
pvalloc_29nbfs_LRG2_gridoptim_max,3,filter_tag,south_40pr,205
pvalloc_29nbfs_LRG2_gridoptim_max,3,filter_tag,eastwest_70pr,145
pvalloc_29nbfs_LRG2_gridoptim_max,3,filter_tag,south_50pr,136
pvalloc_29nbfs_LRG2_gridoptim_max,3,filter_tag,na,954
pvalloc_29nbfs_LRG2_gridoptim_max,4,GKLAS,1110,2382
pvalloc_29nbfs_LRG2_gridoptim_max,4,GKLAS,1122,410
pvalloc_29nbfs_LRG2_gridoptim_max,4,GKLAS,1121,137
pvalloc_29nbfs_LRG2_gridoptim_max,4,are_typ,Rural,220
pvalloc_29nbfs_LRG2_gridoptim_max,4,are_typ,Urban,1649
pvalloc_29nbfs_LRG2_gridoptim_max,4,are_typ,Suburban,1060
pvalloc_29nbfs_LRG2_gridoptim_max,4,heatpump_TF,no_heatpump,2708
pvalloc_29nbfs_LRG2_gridoptim_max,4,heatpump_TF,heatpump,221
pvalloc_29nbfs_LRG2_gridoptim_max,4,filter_tag,na,1248
pvalloc_29nbfs_LRG2_gridoptim_max,4,filter_tag,eastwest_70pr,248
pvalloc_29nbfs_LRG2_gridoptim_max,4,filter_tag,eastwest_80pr,951
pvalloc_29nbfs_LRG2_gridoptim_max,4,filter_tag,south_50pr,142
pvalloc_29nbfs_LRG2_gridoptim_max,4,filter_tag,south_40pr,340
pvalloc_29nbfs_LRG2_gridoptim_max_1hll,1,GKLAS,1110,367
pvalloc_29nbfs_LRG2_gridoptim_max_1hll,1,GKLAS,1122,457
pvalloc_29nbfs_LRG2_gridoptim_max_1hll,1,GKLAS,1121,57
pvalloc_29nbfs_LRG2_gridoptim_max_1hll,1,are_typ,Suburban,304
pvalloc_29nbfs_LRG2_gridoptim_max_1hll,1,are_typ,Urban,376
pvalloc_29nbfs_LRG2_gridoptim_max_1hll,1,are_typ,Rural,201
pvalloc_29nbfs_LRG2_gridoptim_max_1hll,1,heatpump_TF,no_heatpump,802
pvalloc_29nbfs_LRG2_gridoptim_max_1hll,1,heatpump_TF,heatpump,79
pvalloc_29nbfs_LRG2_gridoptim_max_1hll,1,filter_tag,eastwest_80pr,200
pvalloc_29nbfs_LRG2_gridoptim_max_1hll,1,filter_tag,south_50pr,87
pvalloc_29nbfs_LRG2_gridoptim_max_1hll,1,filter_tag,na,428
pvalloc_29nbfs_LRG2_gridoptim_max_1hll,1,filter_tag,south_40pr,121
pvalloc_29nbfs_LRG2_gridoptim_max_1hll,1,filter_tag,eastwest_70pr,45
pvalloc_29nbfs_LRG2_gridoptim_max_1hll,2,GKLAS,1122,458
pvalloc_29nbfs_LRG2_gridoptim_max_1hll,2,GKLAS,1110,834
pvalloc_29nbfs_LRG2_gridoptim_max_1hll,2,GKLAS,1121,63
pvalloc_29nbfs_LRG2_gridoptim_max_1hll,2,are_typ,Rural,269
pvalloc_29nbfs_LRG2_gridoptim_max_1hll,2,are_typ,Suburban,460
pvalloc_29nbfs_LRG2_gridoptim_max_1hll,2,are_typ,Urban,626
pvalloc_29nbfs_LRG2_gridoptim_max_1hll,2,heatpump_TF,no_heatpump,1176
pvalloc_29nbfs_LRG2_gridoptim_max_1hll,2,heatpump_TF,heatpump,179
pvalloc_29nbfs_LRG2_gridoptim_max_1hll,2,filter_tag,south_40pr,154
pvalloc_29nbfs_LRG2_gridoptim_max_1hll,2,filter_tag,south_50pr,115
pvalloc_29nbfs_LRG2_gridoptim_max_1hll,2,filter_tag,eastwest_80pr,372
pvalloc_29nbfs_LRG2_gridoptim_max_1hll,2,filter_tag,na,644
pvalloc_29nbfs_LRG2_gridoptim_max_1hll,2,filter_tag,eastwest_70pr,70
pvalloc_29nbfs_LRG2_gridoptim_max_1hll,3,GKLAS,1121,91
pvalloc_29nbfs_LRG2_gridoptim_max_1hll,3,GKLAS,1110,1490
pvalloc_29nbfs_LRG2_gridoptim_max_1hll,3,GKLAS,1122,478
pvalloc_29nbfs_LRG2_gridoptim_max_1hll,3,are_typ,Suburban,704
pvalloc_29nbfs_LRG2_gridoptim_max_1hll,3,are_typ,Rural,299
pvalloc_29nbfs_LRG2_gridoptim_max_1hll,3,are_typ,Urban,1056
pvalloc_29nbfs_LRG2_gridoptim_max_1hll,3,heatpump_TF,no_heatpump,1820
pvalloc_29nbfs_LRG2_gridoptim_max_1hll,3,heatpump_TF,heatpump,239
pvalloc_29nbfs_LRG2_gridoptim_max_1hll,3,filter_tag,eastwest_70pr,154
pvalloc_29nbfs_LRG2_gridoptim_max_1hll,3,filter_tag,south_40pr,207
pvalloc_29nbfs_LRG2_gridoptim_max_1hll,3,filter_tag,south_50pr,135
pvalloc_29nbfs_LRG2_gridoptim_max_1hll,3,filter_tag,na,948
pvalloc_29nbfs_LRG2_gridoptim_max_1hll,3,filter_tag,eastwest_80pr,615
pvalloc_29nbfs_LRG2_gridoptim_max_1hll,4,GKLAS,1121,137
pvalloc_29nbfs_LRG2_gridoptim_max_1hll,4,GKLAS,1110,2375
pvalloc_29nbfs_LRG2_gridoptim_max_1hll,4,GKLAS,1122,411
pvalloc_29nbfs_LRG2_gridoptim_max_1hll,4,are_typ,Rural,221
pvalloc_29nbfs_LRG2_gridoptim_max_1hll,4,are_typ,Suburban,1066
pvalloc_29nbfs_LRG2_gridoptim_max_1hll,4,are_typ,Urban,1636
pvalloc_29nbfs_LRG2_gridoptim_max_1hll,4,heatpump_TF,no_heatpump,2703
pvalloc_29nbfs_LRG2_gridoptim_max_1hll,4,heatpump_TF,heatpump,220
pvalloc_29nbfs_LRG2_gridoptim_max_1hll,4,filter_tag,south_40pr,340
pvalloc_29nbfs_LRG2_gridoptim_max_1hll,4,filter_tag,eastwest_70pr,243
pvalloc_29nbfs_LRG2_gridoptim_max_1hll,4,filter_tag,south_50pr,140
pvalloc_29nbfs_LRG2_gridoptim_max_1hll,4,filter_tag,eastwest_80pr,946
pvalloc_29nbfs_LRG2_gridoptim_max_1hll,4,filter_tag,na,1254
pvalloc_29nbfs_LRG2_max,1,GKLAS,1110,117
pvalloc_29nbfs_LRG2_max,1,GKLAS,1122,494
pvalloc_29nbfs_LRG2_max,1,GKLAS,1121,43
pvalloc_29nbfs_LRG2_max,1,are_typ,Rural,65
pvalloc_29nbfs_LRG2_max,1,are_typ,Suburban,243
pvalloc_29nbfs_LRG2_max,1,are_typ,Urban,346
pvalloc_29nbfs_LRG2_max,1,heatpump_TF,no_heatpump,446
pvalloc_29nbfs_LRG2_max,1,heatpump_TF,heatpump,208
pvalloc_29nbfs_LRG2_max,1,filter_tag,eastwest_80pr,56
pvalloc_29nbfs_LRG2_max,1,filter_tag,eastwest_70pr,28
pvalloc_29nbfs_LRG2_max,1,filter_tag,na,414
pvalloc_29nbfs_LRG2_max,1,filter_tag,south_40pr,91
pvalloc_29nbfs_LRG2_max,1,filter_tag,south_50pr,65
pvalloc_29nbfs_LRG2_max,2,GKLAS,1122,634
pvalloc_29nbfs_LRG2_max,2,GKLAS,1110,370
pvalloc_29nbfs_LRG2_max,2,GKLAS,1121,64
pvalloc_29nbfs_LRG2_max,2,are_typ,Suburban,425
pvalloc_29nbfs_LRG2_max,2,are_typ,Rural,158
pvalloc_29nbfs_LRG2_max,2,are_typ,Urban,485
pvalloc_29nbfs_LRG2_max,2,heatpump_TF,heatpump,403
pvalloc_29nbfs_LRG2_max,2,heatpump_TF,no_heatpump,665
pvalloc_29nbfs_LRG2_max,2,filter_tag,na,630
pvalloc_29nbfs_LRG2_max,2,filter_tag,eastwest_70pr,37
pvalloc_29nbfs_LRG2_max,2,filter_tag,eastwest_80pr,175
pvalloc_29nbfs_LRG2_max,2,filter_tag,south_40pr,140
pvalloc_29nbfs_LRG2_max,2,filter_tag,south_50pr,86
pvalloc_29nbfs_LRG2_max,3,GKLAS,1110,762
pvalloc_29nbfs_LRG2_max,3,GKLAS,1122,832
pvalloc_29nbfs_LRG2_max,3,GKLAS,1121,83
pvalloc_29nbfs_LRG2_max,3,are_typ,Suburban,592
pvalloc_29nbfs_LRG2_max,3,are_typ,Urban,856
pvalloc_29nbfs_LRG2_max,3,are_typ,Rural,229
pvalloc_29nbfs_LRG2_max,3,heatpump_TF,no_heatpump,1017
pvalloc_29nbfs_LRG2_max,3,heatpump_TF,heatpump,660
pvalloc_29nbfs_LRG2_max,3,filter_tag,eastwest_70pr,91
pvalloc_29nbfs_LRG2_max,3,filter_tag,south_40pr,215
pvalloc_29nbfs_LRG2_max,3,filter_tag,na,916
pvalloc_29nbfs_LRG2_max,3,filter_tag,south_50pr,116
pvalloc_29nbfs_LRG2_max,3,filter_tag,eastwest_80pr,339
pvalloc_29nbfs_LRG2_max,4,GKLAS,1122,659
pvalloc_29nbfs_LRG2_max,4,GKLAS,1110,1537
pvalloc_29nbfs_LRG2_max,4,GKLAS,1121,196
pvalloc_29nbfs_LRG2_max,4,are_typ,Urban,1212
pvalloc_29nbfs_LRG2_max,4,are_typ,Rural,300
pvalloc_29nbfs_LRG2_max,4,are_typ,Suburban,880
pvalloc_29nbfs_LRG2_max,4,heatpump_TF,heatpump,673
pvalloc_29nbfs_LRG2_max,4,heatpump_TF,no_heatpump,1719
pvalloc_29nbfs_LRG2_max,4,filter_tag,eastwest_80pr,337
pvalloc_29nbfs_LRG2_max,4,filter_tag,na,1451
pvalloc_29nbfs_LRG2_max,4,filter_tag,south_50pr,176
pvalloc_29nbfs_LRG2_max,4,filter_tag,south_40pr,288
pvalloc_29nbfs_LRG2_max,4,filter_tag,eastwest_70pr,140
pvalloc_29nbfs_LRG2_max_1hll,1,GKLAS,1122,494
pvalloc_29nbfs_LRG2_max_1hll,1,GKLAS,1121,43
pvalloc_29nbfs_LRG2_max_1hll,1,GKLAS,1110,116
pvalloc_29nbfs_LRG2_max_1hll,1,are_typ,Suburban,243
pvalloc_29nbfs_LRG2_max_1hll,1,are_typ,Urban,346
pvalloc_29nbfs_LRG2_max_1hll,1,are_typ,Rural,64
pvalloc_29nbfs_LRG2_max_1hll,1,heatpump_TF,no_heatpump,446
pvalloc_29nbfs_LRG2_max_1hll,1,heatpump_TF,heatpump,207
pvalloc_29nbfs_LRG2_max_1hll,1,filter_tag,na,412
pvalloc_29nbfs_LRG2_max_1hll,1,filter_tag,eastwest_70pr,28
pvalloc_29nbfs_LRG2_max_1hll,1,filter_tag,south_50pr,65
pvalloc_29nbfs_LRG2_max_1hll,1,filter_tag,south_40pr,91
pvalloc_29nbfs_LRG2_max_1hll,1,filter_tag,eastwest_80pr,57
pvalloc_29nbfs_LRG2_max_1hll,2,GKLAS,1121,64
pvalloc_29nbfs_LRG2_max_1hll,2,GKLAS,1110,372
pvalloc_29nbfs_LRG2_max_1hll,2,GKLAS,1122,632
pvalloc_29nbfs_LRG2_max_1hll,2,are_typ,Suburban,426
pvalloc_29nbfs_LRG2_max_1hll,2,are_typ,Rural,159
pvalloc_29nbfs_LRG2_max_1hll,2,are_typ,Urban,483
pvalloc_29nbfs_LRG2_max_1hll,2,heatpump_TF,no_heatpump,664
pvalloc_29nbfs_LRG2_max_1hll,2,heatpump_TF,heatpump,404
pvalloc_29nbfs_LRG2_max_1hll,2,filter_tag,eastwest_80pr,174
pvalloc_29nbfs_LRG2_max_1hll,2,filter_tag,south_50pr,85
pvalloc_29nbfs_LRG2_max_1hll,2,filter_tag,eastwest_70pr,37
pvalloc_29nbfs_LRG2_max_1hll,2,filter_tag,south_40pr,140
pvalloc_29nbfs_LRG2_max_1hll,2,filter_tag,na,632
pvalloc_29nbfs_LRG2_max_1hll,3,GKLAS,1121,82
pvalloc_29nbfs_LRG2_max_1hll,3,GKLAS,1110,761
pvalloc_29nbfs_LRG2_max_1hll,3,GKLAS,1122,833
pvalloc_29nbfs_LRG2_max_1hll,3,are_typ,Suburban,590
pvalloc_29nbfs_LRG2_max_1hll,3,are_typ,Urban,857
pvalloc_29nbfs_LRG2_max_1hll,3,are_typ,Rural,229
pvalloc_29nbfs_LRG2_max_1hll,3,heatpump_TF,no_heatpump,1014
pvalloc_29nbfs_LRG2_max_1hll,3,heatpump_TF,heatpump,662
pvalloc_29nbfs_LRG2_max_1hll,3,filter_tag,eastwest_80pr,339
pvalloc_29nbfs_LRG2_max_1hll,3,filter_tag,na,914
pvalloc_29nbfs_LRG2_max_1hll,3,filter_tag,south_50pr,117
pvalloc_29nbfs_LRG2_max_1hll,3,filter_tag,south_40pr,215
pvalloc_29nbfs_LRG2_max_1hll,3,filter_tag,eastwest_70pr,91
pvalloc_29nbfs_LRG2_max_1hll,4,GKLAS,1110,1535
pvalloc_29nbfs_LRG2_max_1hll,4,GKLAS,1122,659
pvalloc_29nbfs_LRG2_max_1hll,4,GKLAS,1121,197
pvalloc_29nbfs_LRG2_max_1hll,4,are_typ,Suburban,877
pvalloc_29nbfs_LRG2_max_1hll,4,are_typ,Urban,1213
pvalloc_29nbfs_LRG2_max_1hll,4,are_typ,Rural,301
pvalloc_29nbfs_LRG2_max_1hll,4,heatpump_TF,heatpump,672
pvalloc_29nbfs_LRG2_max_1hll,4,heatpump_TF,no_heatpump,1719
pvalloc_29nbfs_LRG2_max_1hll,4,filter_tag,south_50pr,177
pvalloc_29nbfs_LRG2_max_1hll,4,filter_tag,eastwest_80pr,337
pvalloc_29nbfs_LRG2_max_1hll,4,filter_tag,eastwest_70pr,140
pvalloc_29nbfs_LRG2_max_1hll,4,filter_tag,south_40pr,288
pvalloc_29nbfs_LRG2_max_1hll,4,filter_tag,na,1449
