n_iter,feedin_atnode_loss_kW,feedin_atnode_taken_kW,demand_atnode_kW,feedin_atnode_kW,TotalPower,n_EGID_pvinst,ratio_EGID_pvinst,scen
1,0.0,15683393.108458739,196046866.6249545,15683393.108458739,11526.315393910181,661,0.033358566742366896,pvalloc_29nbfs_LRG2_gridoptim_max
2,0.0,26313388.398501627,193235447.10770056,26313388.398501627,12809.220654292445,875,0.07751703255109765,pvalloc_29nbfs_LRG2_gridoptim_max
3,0.0,37991098.46308382,190129618.46645668,37991098.46308382,15552.164835235899,1205,0.1383295483219783,pvalloc_29nbfs_LRG2_gridoptim_max
4,0.0,52167812.62687396,186478639.90455773,52167812.62687396,18336.823187796876,1557,0.2169063840524855,pvalloc_29nbfs_LRG2_gridoptim_max
5,0.9674308932083022,68911049.25688481,182257320.70615652,68911050.2243157,21136.955996163586,1975,0.3165783497350492,pvalloc_29nbfs_LRG2_gridoptim_max
6,0.9674308932083022,87900660.2902378,177696170.42046934,87900661.25766869,23958.43777620891,2477,0.44158465808730757,pvalloc_29nbfs_LRG2_gridoptim_max
7,9383.031964897007,109030626.87973362,172588308.28444505,109040009.91169852,26817.605337871024,2906,0.5882412313903609,pvalloc_29nbfs_LRG2_gridoptim_max
8,210227.3467678557,130790121.30073704,165975920.08736008,131000348.64750488,30480.555525446558,3283,0.7539237951047186,pvalloc_29nbfs_LRG2_gridoptim_max
9,1443989.180610684,152095749.14492315,157350906.1054067,153539738.32553387,34160.33792026878,3612,0.9362099419631592,pvalloc_29nbfs_LRG2_gridoptim_max
10,6915453.147867468,171454434.89091948,146765503.947703,178369888.03878698,10248.137642660187,1264,1.0,pvalloc_29nbfs_LRG2_gridoptim_max
11,10287573.776465282,175046471.57736972,143901959.12047583,185334045.35383502,0.0,0,1.0,pvalloc_29nbfs_LRG2_gridoptim_max
12,10287573.776465282,175046471.57736972,143901959.12047583,185334045.35383502,0.0,0,1.0,pvalloc_29nbfs_LRG2_gridoptim_max
13,10287573.776465282,175046471.57736972,143901959.12047583,185334045.35383502,0.0,0,1.0,pvalloc_29nbfs_LRG2_gridoptim_max
14,10287573.776465282,175046471.57736972,143901959.12047583,185334045.35383502,0.0,0,1.0,pvalloc_29nbfs_LRG2_gridoptim_max
15,10287573.776465282,175046471.57736972,143901959.12047583,185334045.35383502,0.0,0,1.0,pvalloc_29nbfs_LRG2_gridoptim_max
16,10287573.776465282,175046471.57736972,143901959.12047583,185334045.35383502,0.0,0,1.0,pvalloc_29nbfs_LRG2_gridoptim_max
17,10287573.776465282,175046471.57736972,143901959.12047583,185334045.35383502,0.0,0,1.0,pvalloc_29nbfs_LRG2_gridoptim_max
18,10287573.776465282,175046471.57736972,143901959.12047583,185334045.35383502,0.0,0,1.0,pvalloc_29nbfs_LRG2_gridoptim_max
19,10287573.776465282,175046471.57736972,143901959.12047583,185334045.35383502,0.0,0,1.0,pvalloc_29nbfs_LRG2_gridoptim_max
20,10287573.776465282,175046471.57736972,143901959.12047583,185334045.35383502,0.0,0,1.0,pvalloc_29nbfs_LRG2_gridoptim_max
21,10287573.776465282,175046471.57736972,143901959.12047583,185334045.35383502,0.0,0,1.0,pvalloc_29nbfs_LRG2_gridoptim_max
22,10287573.776465282,175046471.57736972,143901959.12047583,185334045.35383502,0.0,0,1.0,pvalloc_29nbfs_LRG2_gridoptim_max
23,10287573.776465282,175046471.57736972,143901959.12047583,185334045.35383502,0.0,0,1.0,pvalloc_29nbfs_LRG2_gridoptim_max
24,10287573.776465282,175046471.57736972,143901959.12047583,185334045.35383502,0.0,0,1.0,pvalloc_29nbfs_LRG2_gridoptim_max
25,10287573.776465282,175046471.57736972,143901959.12047583,185334045.35383502,0.0,0,1.0,pvalloc_29nbfs_LRG2_gridoptim_max
26,10287573.776465282,175046471.57736972,143901959.12047583,185334045.35383502,0.0,0,1.0,pvalloc_29nbfs_LRG2_gridoptim_max
27,10287573.776465282,175046471.57736972,143901959.12047583,185334045.35383502,0.0,0,1.0,pvalloc_29nbfs_LRG2_gridoptim_max
28,10287573.776465282,175046471.57736972,143901959.12047583,185334045.35383502,0.0,0,1.0,pvalloc_29nbfs_LRG2_gridoptim_max
29,10287573.776465282,175046471.57736972,143901959.12047583,185334045.35383502,0.0,0,1.0,pvalloc_29nbfs_LRG2_gridoptim_max
30,10287573.776465282,175046471.57736972,143901959.12047583,185334045.35383502,0.0,0,1.0,pvalloc_29nbfs_LRG2_gridoptim_max
1,0.0,15674691.026281193,196046988.3388695,15674691.026281193,11516.462874552877,576,0.02906888720666162,pvalloc_29nbfs_LRG2_max
2,0.0,23976448.410027098,190771032.13584173,23976448.410027098,12809.070075420499,788,0.06883673984355286,pvalloc_29nbfs_LRG2_max
3,0.0,34156480.70798727,185875556.05792683,34156480.70798727,15568.006733476728,1149,0.12682311380267475,pvalloc_29nbfs_LRG2_max
4,0.0,46575365.42603508,179869650.14147002,46575365.42603508,18326.66002964337,1493,0.2021700731768862,pvalloc_29nbfs_LRG2_max
5,218.51668671929815,61379434.90364092,173419726.61028153,61379653.42032763,21133.672730449354,1826,0.2943224829674489,pvalloc_29nbfs_LRG2_max
6,25254.165490454157,79501028.97010666,167304634.94866264,79526283.13559712,23956.25208444311,2345,0.4126671713348473,pvalloc_29nbfs_LRG2_max
7,205518.08921641824,101685543.92304856,161676139.75719827,101891062.01226498,26819.19331715289,2881,0.5580620741862226,pvalloc_29nbfs_LRG2_max
8,1449827.4064661874,125971850.18977545,156300780.47211593,127421677.59624165,30471.235556049473,3372,0.7282361847085541,pvalloc_29nbfs_LRG2_max
9,4381376.083250564,150622139.85651085,150965834.05079785,155003515.9397614,34163.30804472644,4127,0.9365127428715619,pvalloc_29nbfs_LRG2_max
10,9010982.504179318,171606839.48448634,145376683.11686724,180617821.98866564,10241.159945524014,1258,1.0,pvalloc_29nbfs_LRG2_max
11,10278028.733498503,175035260.3886861,143906348.9562406,185313289.1221846,0.0,0,1.0,pvalloc_29nbfs_LRG2_max
12,10278028.733498503,175035260.3886861,143906348.9562406,185313289.1221846,0.0,0,1.0,pvalloc_29nbfs_LRG2_max
13,10278028.733498503,175035260.3886861,143906348.9562406,185313289.1221846,0.0,0,1.0,pvalloc_29nbfs_LRG2_max
14,10278028.733498503,175035260.3886861,143906348.9562406,185313289.1221846,0.0,0,1.0,pvalloc_29nbfs_LRG2_max
15,10278028.733498503,175035260.3886861,143906348.9562406,185313289.1221846,0.0,0,1.0,pvalloc_29nbfs_LRG2_max
16,10278028.733498503,175035260.3886861,143906348.9562406,185313289.1221846,0.0,0,1.0,pvalloc_29nbfs_LRG2_max
17,10278028.733498503,175035260.3886861,143906348.9562406,185313289.1221846,0.0,0,1.0,pvalloc_29nbfs_LRG2_max
18,10278028.733498503,175035260.3886861,143906348.9562406,185313289.1221846,0.0,0,1.0,pvalloc_29nbfs_LRG2_max
19,10278028.733498503,175035260.3886861,143906348.9562406,185313289.1221846,0.0,0,1.0,pvalloc_29nbfs_LRG2_max
20,10278028.733498503,175035260.3886861,143906348.9562406,185313289.1221846,0.0,0,1.0,pvalloc_29nbfs_LRG2_max
21,10278028.733498503,175035260.3886861,143906348.9562406,185313289.1221846,0.0,0,1.0,pvalloc_29nbfs_LRG2_max
22,10278028.733498503,175035260.3886861,143906348.9562406,185313289.1221846,0.0,0,1.0,pvalloc_29nbfs_LRG2_max
23,10278028.733498503,175035260.3886861,143906348.9562406,185313289.1221846,0.0,0,1.0,pvalloc_29nbfs_LRG2_max
24,10278028.733498503,175035260.3886861,143906348.9562406,185313289.1221846,0.0,0,1.0,pvalloc_29nbfs_LRG2_max
25,10278028.733498503,175035260.3886861,143906348.9562406,185313289.1221846,0.0,0,1.0,pvalloc_29nbfs_LRG2_max
26,10278028.733498503,175035260.3886861,143906348.9562406,185313289.1221846,0.0,0,1.0,pvalloc_29nbfs_LRG2_max
27,10278028.733498503,175035260.3886861,143906348.9562406,185313289.1221846,0.0,0,1.0,pvalloc_29nbfs_LRG2_max
28,10278028.733498503,175035260.3886861,143906348.9562406,185313289.1221846,0.0,0,1.0,pvalloc_29nbfs_LRG2_max
29,10278028.733498503,175035260.3886861,143906348.9562406,185313289.1221846,0.0,0,1.0,pvalloc_29nbfs_LRG2_max
30,10278028.733498503,175035260.3886861,143906348.9562406,185313289.1221846,0.0,0,1.0,pvalloc_29nbfs_LRG2_max
1,0.0,15683393.108458739,196046866.6249545,15683393.108458739,11528.974468691677,577,0.02911935402472874,pvalloc_29nbfs_LRG2_max_1hll
2,0.0,23990110.670426086,190755071.71955213,23990110.670426086,12806.981302316768,789,0.0689376734796871,pvalloc_29nbfs_LRG2_max_1hll
3,0.0,34156517.7133825,185852371.79488117,34156517.7133825,15553.652920967435,1147,0.12682311380267475,pvalloc_29nbfs_LRG2_max_1hll
4,0.0,46565087.12650654,179864806.55883816,46565087.12650654,18331.66124649492,1494,0.20222053999495332,pvalloc_29nbfs_LRG2_max_1hll
5,222.10647834974372,61389644.56537789,173417084.30705506,61389866.67185624,21130.844711543916,1827,0.2944234166035831,pvalloc_29nbfs_LRG2_max_1hll
6,13929.455074261867,79488824.21281062,167293732.44581333,79502753.66788489,23958.57128591851,2347,0.4128690386071158,pvalloc_29nbfs_LRG2_max_1hll
7,68937.82166491402,101790248.14253786,161703041.01933894,101859185.96420278,26813.92225547257,2925,0.5604844814534443,pvalloc_29nbfs_LRG2_max_1hll
8,314091.9892155399,126969925.1916717,156489599.49078727,127284017.18088722,30477.20207785537,3587,0.7415089578602069,pvalloc_29nbfs_LRG2_max_1hll
9,742516.5216673778,151611007.13097715,151519478.6684637,152353523.65264454,5397.212370103781,636,0.7736058541508958,pvalloc_29nbfs_LRG2_max_1hll
10,743624.7731380388,154111261.72194564,150754166.3489504,154854886.4950837,0.0,0,0.7736058541508958,pvalloc_29nbfs_LRG2_max_1hll
11,743624.7731380388,154111261.72194564,150754166.3489504,154854886.4950837,0.0,0,0.7736058541508958,pvalloc_29nbfs_LRG2_max_1hll
12,743624.7731380388,154111261.72194564,150754166.3489504,154854886.4950837,0.0,0,0.7736058541508958,pvalloc_29nbfs_LRG2_max_1hll
13,743624.7731380388,154111261.72194564,150754166.3489504,154854886.4950837,0.0,0,0.7736058541508958,pvalloc_29nbfs_LRG2_max_1hll
14,743624.7731380388,154111261.72194564,150754166.3489504,154854886.4950837,0.0,0,0.7736058541508958,pvalloc_29nbfs_LRG2_max_1hll
15,743624.7731380388,154111261.72194564,150754166.3489504,154854886.4950837,0.0,0,0.7736058541508958,pvalloc_29nbfs_LRG2_max_1hll
16,743624.7731380388,154111261.72194564,150754166.3489504,154854886.4950837,0.0,0,0.7736058541508958,pvalloc_29nbfs_LRG2_max_1hll
17,743624.7731380388,154111261.72194564,150754166.3489504,154854886.4950837,0.0,0,0.7736058541508958,pvalloc_29nbfs_LRG2_max_1hll
18,743624.7731380388,154111261.72194564,150754166.3489504,154854886.4950837,0.0,0,0.7736058541508958,pvalloc_29nbfs_LRG2_max_1hll
19,743624.7731380388,154111261.72194564,150754166.3489504,154854886.4950837,0.0,0,0.7736058541508958,pvalloc_29nbfs_LRG2_max_1hll
20,743624.7731380388,154111261.72194564,150754166.3489504,154854886.4950837,0.0,0,0.7736058541508958,pvalloc_29nbfs_LRG2_max_1hll
21,743624.7731380388,154111261.72194564,150754166.3489504,154854886.4950837,0.0,0,0.7736058541508958,pvalloc_29nbfs_LRG2_max_1hll
22,743624.7731380388,154111261.72194564,150754166.3489504,154854886.4950837,0.0,0,0.7736058541508958,pvalloc_29nbfs_LRG2_max_1hll
23,743624.7731380388,154111261.72194564,150754166.3489504,154854886.4950837,0.0,0,0.7736058541508958,pvalloc_29nbfs_LRG2_max_1hll
24,743624.7731380388,154111261.72194564,150754166.3489504,154854886.4950837,0.0,0,0.7736058541508958,pvalloc_29nbfs_LRG2_max_1hll
25,743624.7731380388,154111261.72194564,150754166.3489504,154854886.4950837,0.0,0,0.7736058541508958,pvalloc_29nbfs_LRG2_max_1hll
26,743624.7731380388,154111261.72194564,150754166.3489504,154854886.4950837,0.0,0,0.7736058541508958,pvalloc_29nbfs_LRG2_max_1hll
27,743624.7731380388,154111261.72194564,150754166.3489504,154854886.4950837,0.0,0,0.7736058541508958,pvalloc_29nbfs_LRG2_max_1hll
28,743624.7731380388,154111261.72194564,150754166.3489504,154854886.4950837,0.0,0,0.7736058541508958,pvalloc_29nbfs_LRG2_max_1hll
29,743624.7731380388,154111261.72194564,150754166.3489504,154854886.4950837,0.0,0,0.7736058541508958,pvalloc_29nbfs_LRG2_max_1hll
30,743624.7731380388,154111261.72194564,150754166.3489504,154854886.4950837,0.0,0,0.7736058541508958,pvalloc_29nbfs_LRG2_max_1hll
1,0.0,15683361.05241115,196046875.54494625,15683361.05241115,23038.25529872175,1283,0.06474892758011608,pvalloc_29nbfs_LRG2_max_epzb1
2,0.0,33081475.997260556,186315846.2563171,33081475.997260556,25612.42654561052,1939,0.16260408781226343,pvalloc_29nbfs_LRG2_max_epzb1
3,17.341907508584086,53676546.29297546,176691489.33057356,53676563.63488298,31100.03964536537,2651,0.29639162250820084,pvalloc_29nbfs_LRG2_max_epzb1
4,26694.08741501726,79842298.05326515,167176191.00884095,79868992.14068018,36653.19912546202,3681,0.4821599798132728,pvalloc_29nbfs_LRG2_max_epzb1
5,645768.3409374,113697777.5632706,158946214.8249673,114343545.90420799,42252.52203133127,4652,0.716931617461519,pvalloc_29nbfs_LRG2_max_epzb1
6,4106340.5353736356,149226923.11900452,151295767.79183602,153333263.65437818,41041.47569146862,5001,0.9693161746151905,pvalloc_29nbfs_LRG2_max_epzb1
7,9824718.078549584,173383424.88921258,144626441.904967,183208142.96776217,5317.097839239262,608,1.0,pvalloc_29nbfs_LRG2_max_epzb1
8,10281663.095625263,175041578.7690149,143902130.8695337,185323241.86464012,0.0,0,1.0,pvalloc_29nbfs_LRG2_max_epzb1
9,10281663.095625263,175041578.7690149,143902130.8695337,185323241.86464012,0.0,0,1.0,pvalloc_29nbfs_LRG2_max_epzb1
10,10281663.095625263,175041578.7690149,143902130.8695337,185323241.86464012,0.0,0,1.0,pvalloc_29nbfs_LRG2_max_epzb1
11,10281663.095625263,175041578.7690149,143902130.8695337,185323241.86464012,0.0,0,1.0,pvalloc_29nbfs_LRG2_max_epzb1
12,10281663.095625263,175041578.7690149,143902130.8695337,185323241.86464012,0.0,0,1.0,pvalloc_29nbfs_LRG2_max_epzb1
13,10281663.095625263,175041578.7690149,143902130.8695337,185323241.86464012,0.0,0,1.0,pvalloc_29nbfs_LRG2_max_epzb1
14,10281663.095625263,175041578.7690149,143902130.8695337,185323241.86464012,0.0,0,1.0,pvalloc_29nbfs_LRG2_max_epzb1
15,10281663.095625263,175041578.7690149,143902130.8695337,185323241.86464012,0.0,0,1.0,pvalloc_29nbfs_LRG2_max_epzb1
16,10281663.095625263,175041578.7690149,143902130.8695337,185323241.86464012,0.0,0,1.0,pvalloc_29nbfs_LRG2_max_epzb1
17,10281663.095625263,175041578.7690149,143902130.8695337,185323241.86464012,0.0,0,1.0,pvalloc_29nbfs_LRG2_max_epzb1
18,10281663.095625263,175041578.7690149,143902130.8695337,185323241.86464012,0.0,0,1.0,pvalloc_29nbfs_LRG2_max_epzb1
19,10281663.095625263,175041578.7690149,143902130.8695337,185323241.86464012,0.0,0,1.0,pvalloc_29nbfs_LRG2_max_epzb1
20,10281663.095625263,175041578.7690149,143902130.8695337,185323241.86464012,0.0,0,1.0,pvalloc_29nbfs_LRG2_max_epzb1
21,10281663.095625263,175041578.7690149,143902130.8695337,185323241.86464012,0.0,0,1.0,pvalloc_29nbfs_LRG2_max_epzb1
22,10281663.095625263,175041578.7690149,143902130.8695337,185323241.86464012,0.0,0,1.0,pvalloc_29nbfs_LRG2_max_epzb1
23,10281663.095625263,175041578.7690149,143902130.8695337,185323241.86464012,0.0,0,1.0,pvalloc_29nbfs_LRG2_max_epzb1
24,10281663.095625263,175041578.7690149,143902130.8695337,185323241.86464012,0.0,0,1.0,pvalloc_29nbfs_LRG2_max_epzb1
25,10281663.095625263,175041578.7690149,143902130.8695337,185323241.86464012,0.0,0,1.0,pvalloc_29nbfs_LRG2_max_epzb1
26,10281663.095625263,175041578.7690149,143902130.8695337,185323241.86464012,0.0,0,1.0,pvalloc_29nbfs_LRG2_max_epzb1
27,10281663.095625263,175041578.7690149,143902130.8695337,185323241.86464012,0.0,0,1.0,pvalloc_29nbfs_LRG2_max_epzb1
28,10281663.095625263,175041578.7690149,143902130.8695337,185323241.86464012,0.0,0,1.0,pvalloc_29nbfs_LRG2_max_epzb1
29,10281663.095625263,175041578.7690149,143902130.8695337,185323241.86464012,0.0,0,1.0,pvalloc_29nbfs_LRG2_max_epzb1
30,10281663.095625263,175041578.7690149,143902130.8695337,185323241.86464012,0.0,0,1.0,pvalloc_29nbfs_LRG2_max_epzb1
1,0.0,15683393.10845874,196046866.6249545,15683393.10845874,6448.450995482722,296,0.014938178147867777,pvalloc_29nbfs_LRG2_max_histcnstrcapgr0_1
2,0.0,20013417.37035662,192856579.30225617,20013417.37035662,7094.355630064785,401,0.035175372192783244,pvalloc_29nbfs_LRG2_max_histcnstrcapgr0_1
3,0.0,25513436.15409273,189909315.96372348,25513436.15409273,7793.634639262232,481,0.05944991168306838,pvalloc_29nbfs_LRG2_max_histcnstrcapgr0_1
4,0.0,31698926.176888365,186913122.14074343,31698926.176888365,8576.94769203865,571,0.0882664647993944,pvalloc_29nbfs_LRG2_max_histcnstrcapgr0_1
5,0.0,38623800.48699484,183750253.2131506,38623800.48699484,9436.244407574253,724,0.1248044410799899,pvalloc_29nbfs_LRG2_max_histcnstrcapgr0_1
6,0.0,46142536.863828234,180056461.53853092,46142536.863828234,10377.620371917496,834,0.1668937673479687,pvalloc_29nbfs_LRG2_max_histcnstrcapgr0_1
7,16.341682021150575,54507656.60275213,176304337.81967786,54507672.94443414,11416.22962494762,943,0.21448397678526368,pvalloc_29nbfs_LRG2_max_histcnstrcapgr0_1
8,463.35053469055583,63828301.13348264,172500696.5677329,63828764.484017335,12554.045168685781,1086,0.26929094120615693,pvalloc_29nbfs_LRG2_max_histcnstrcapgr0_1
9,9236.721413961648,74572875.71116686,168807838.14306957,74582112.43258083,13806.617616334037,1249,0.33232399697199094,pvalloc_29nbfs_LRG2_max_histcnstrcapgr0_1
10,53966.36564812459,86900969.40513553,165279765.22861195,86954935.77078365,15191.120570432955,1525,0.4092858945243502,pvalloc_29nbfs_LRG2_max_histcnstrcapgr0_1
11,195484.948118653,101064362.67923595,161796518.42660907,101259847.6273546,16706.55036347128,1770,0.49861216250315415,pvalloc_29nbfs_LRG2_max_histcnstrcapgr0_1
12,777482.7836031022,116428179.90361157,158349582.38836193,117205662.68721467,18369.688059151238,2023,0.6007065354529397,pvalloc_29nbfs_LRG2_max_histcnstrcapgr0_1
13,1964378.4500617068,132594889.70420966,154894436.0602422,134559268.15427136,20205.67832970021,2226,0.7130456724703508,pvalloc_29nbfs_LRG2_max_histcnstrcapgr0_1
14,4015916.037631027,148712739.84742615,151410053.87248522,152728655.88505718,22226.1377642611,2637,0.8461266717133484,pvalloc_29nbfs_LRG2_max_histcnstrcapgr0_1
15,6824515.13382842,164337621.01485458,147741067.1176142,171162136.14868298,24451.79873552312,3020,0.9985364622760535,pvalloc_29nbfs_LRG2_max_histcnstrcapgr0_1
16,10280481.974214975,174979226.78098106,143958627.80890113,185259708.75519603,358.1374707485848,29,1.0,pvalloc_29nbfs_LRG2_max_histcnstrcapgr0_1
17,10282774.88803856,175040387.20591643,143902395.32097748,185323162.093955,0.0,0,1.0,pvalloc_29nbfs_LRG2_max_histcnstrcapgr0_1
18,10282774.88803856,175040387.20591643,143902395.32097748,185323162.093955,0.0,0,1.0,pvalloc_29nbfs_LRG2_max_histcnstrcapgr0_1
19,10282774.88803856,175040387.20591643,143902395.32097748,185323162.093955,0.0,0,1.0,pvalloc_29nbfs_LRG2_max_histcnstrcapgr0_1
20,10282774.88803856,175040387.20591643,143902395.32097748,185323162.093955,0.0,0,1.0,pvalloc_29nbfs_LRG2_max_histcnstrcapgr0_1
21,10282774.88803856,175040387.20591643,143902395.32097748,185323162.093955,0.0,0,1.0,pvalloc_29nbfs_LRG2_max_histcnstrcapgr0_1
22,10282774.88803856,175040387.20591643,143902395.32097748,185323162.093955,0.0,0,1.0,pvalloc_29nbfs_LRG2_max_histcnstrcapgr0_1
23,10282774.88803856,175040387.20591643,143902395.32097748,185323162.093955,0.0,0,1.0,pvalloc_29nbfs_LRG2_max_histcnstrcapgr0_1
24,10282774.88803856,175040387.20591643,143902395.32097748,185323162.093955,0.0,0,1.0,pvalloc_29nbfs_LRG2_max_histcnstrcapgr0_1
25,10282774.88803856,175040387.20591643,143902395.32097748,185323162.093955,0.0,0,1.0,pvalloc_29nbfs_LRG2_max_histcnstrcapgr0_1
26,10282774.88803856,175040387.20591643,143902395.32097748,185323162.093955,0.0,0,1.0,pvalloc_29nbfs_LRG2_max_histcnstrcapgr0_1
27,10282774.88803856,175040387.20591643,143902395.32097748,185323162.093955,0.0,0,1.0,pvalloc_29nbfs_LRG2_max_histcnstrcapgr0_1
28,10282774.88803856,175040387.20591643,143902395.32097748,185323162.093955,0.0,0,1.0,pvalloc_29nbfs_LRG2_max_histcnstrcapgr0_1
29,10282774.88803856,175040387.20591643,143902395.32097748,185323162.093955,0.0,0,1.0,pvalloc_29nbfs_LRG2_max_histcnstrcapgr0_1
30,10282774.88803856,175040387.20591643,143902395.32097748,185323162.093955,0.0,0,1.0,pvalloc_29nbfs_LRG2_max_histcnstrcapgr0_1
1,0.0,15675905.882892422,196047987.64889005,15675905.882892422,7032.9425809817985,327,0.016502649507948525,pvalloc_29nbfs_LRG2_max_histcnstrcapgr0_2
2,0.0,20467815.985101275,192611788.51312834,20467815.985101275,8435.245366621244,485,0.04097905627050215,pvalloc_29nbfs_LRG2_max_histcnstrcapgr0_2
3,0.0,27046129.002190262,189169539.4545069,27046129.002190262,10113.502632233301,635,0.0730254857431239,pvalloc_29nbfs_LRG2_max_histcnstrcapgr0_2
4,0.0,35139236.877154686,185399275.8745308,35139236.877154686,12150.530066092795,900,0.11844562200353267,pvalloc_29nbfs_LRG2_max_histcnstrcapgr0_2
5,0.0,44821099.5678059,180655940.03661034,44821099.5678059,14568.201853215454,1179,0.1779460005046682,pvalloc_29nbfs_LRG2_max_histcnstrcapgr0_2
6,16.258569732318733,56553239.673479885,175359565.1062227,56553255.93204962,17474.625461039956,1467,0.2519808226091345,pvalloc_29nbfs_LRG2_max_histcnstrcapgr0_2
7,3851.507452969773,71202030.47974405,169929389.21201408,71205881.98719703,20973.500146215483,1905,0.34812011102699975,pvalloc_29nbfs_LRG2_max_histcnstrcapgr0_2
8,76719.20799924851,89884214.46651463,164510723.14125592,89960933.67451389,25166.082209352073,2604,0.4795357052737825,pvalloc_29nbfs_LRG2_max_histcnstrcapgr0_2
9,627191.9126277261,113261651.63372263,159050893.8405059,113888843.54635036,30199.856362486502,3307,0.6464294726217512,pvalloc_29nbfs_LRG2_max_histcnstrcapgr0_2
10,2696178.1721690707,139458259.16297784,153415631.20670927,142154437.3351469,36239.1270305685,4204,0.8585919757759273,pvalloc_29nbfs_LRG2_max_histcnstrcapgr0_2
11,7154274.502592308,165553529.76271796,147386690.26325306,172707804.2653103,22647.54614394224,2802,1.0,pvalloc_29nbfs_LRG2_max_histcnstrcapgr0_2
12,10281887.962396944,175034791.20145857,143902724.43029863,185316679.16385552,0.0,0,1.0,pvalloc_29nbfs_LRG2_max_histcnstrcapgr0_2
13,10281887.962396944,175034791.20145857,143902724.43029863,185316679.16385552,0.0,0,1.0,pvalloc_29nbfs_LRG2_max_histcnstrcapgr0_2
14,10281887.962396944,175034791.20145857,143902724.43029863,185316679.16385552,0.0,0,1.0,pvalloc_29nbfs_LRG2_max_histcnstrcapgr0_2
15,10281887.962396944,175034791.20145857,143902724.43029863,185316679.16385552,0.0,0,1.0,pvalloc_29nbfs_LRG2_max_histcnstrcapgr0_2
16,10281887.962396944,175034791.20145857,143902724.43029863,185316679.16385552,0.0,0,1.0,pvalloc_29nbfs_LRG2_max_histcnstrcapgr0_2
17,10281887.962396944,175034791.20145857,143902724.43029863,185316679.16385552,0.0,0,1.0,pvalloc_29nbfs_LRG2_max_histcnstrcapgr0_2
18,10281887.962396944,175034791.20145857,143902724.43029863,185316679.16385552,0.0,0,1.0,pvalloc_29nbfs_LRG2_max_histcnstrcapgr0_2
19,10281887.962396944,175034791.20145857,143902724.43029863,185316679.16385552,0.0,0,1.0,pvalloc_29nbfs_LRG2_max_histcnstrcapgr0_2
20,10281887.962396944,175034791.20145857,143902724.43029863,185316679.16385552,0.0,0,1.0,pvalloc_29nbfs_LRG2_max_histcnstrcapgr0_2
21,10281887.962396944,175034791.20145857,143902724.43029863,185316679.16385552,0.0,0,1.0,pvalloc_29nbfs_LRG2_max_histcnstrcapgr0_2
22,10281887.962396944,175034791.20145857,143902724.43029863,185316679.16385552,0.0,0,1.0,pvalloc_29nbfs_LRG2_max_histcnstrcapgr0_2
23,10281887.962396944,175034791.20145857,143902724.43029863,185316679.16385552,0.0,0,1.0,pvalloc_29nbfs_LRG2_max_histcnstrcapgr0_2
24,10281887.962396944,175034791.20145857,143902724.43029863,185316679.16385552,0.0,0,1.0,pvalloc_29nbfs_LRG2_max_histcnstrcapgr0_2
25,10281887.962396944,175034791.20145857,143902724.43029863,185316679.16385552,0.0,0,1.0,pvalloc_29nbfs_LRG2_max_histcnstrcapgr0_2
26,10281887.962396944,175034791.20145857,143902724.43029863,185316679.16385552,0.0,0,1.0,pvalloc_29nbfs_LRG2_max_histcnstrcapgr0_2
27,10281887.962396944,175034791.20145857,143902724.43029863,185316679.16385552,0.0,0,1.0,pvalloc_29nbfs_LRG2_max_histcnstrcapgr0_2
28,10281887.962396944,175034791.20145857,143902724.43029863,185316679.16385552,0.0,0,1.0,pvalloc_29nbfs_LRG2_max_histcnstrcapgr0_2
29,10281887.962396944,175034791.20145857,143902724.43029863,185316679.16385552,0.0,0,1.0,pvalloc_29nbfs_LRG2_max_histcnstrcapgr0_2
30,10281887.962396944,175034791.20145857,143902724.43029863,185316679.16385552,0.0,0,1.0,pvalloc_29nbfs_LRG2_max_histcnstrcapgr0_2
1,0.0,15683393.108458739,196046866.6249545,15683393.108458739,7609.113516790802,357,0.01801665404996215,pvalloc_29nbfs_LRG2_max_histcnstrcapgr0_3
2,0.0,20925076.328344643,192376793.9309792,20925076.328344643,9907.380915630658,577,0.04713600807469089,pvalloc_29nbfs_LRG2_max_histcnstrcapgr0_3
3,0.0,28687524.45165814,188408826.8325803,28687524.45165814,12858.40384478418,849,0.08998233661367651,pvalloc_29nbfs_LRG2_max_histcnstrcapgr0_3
4,0.0,38988262.023278594,183563953.7792754,38988262.023278594,16725.361061429718,1309,0.15604340146353773,pvalloc_29nbfs_LRG2_max_histcnstrcapgr0_3
5,16.536751343181493,52413572.57033312,177256241.11005703,52413589.10708447,21729.391922404535,1818,0.24779207670956346,pvalloc_29nbfs_LRG2_max_histcnstrcapgr0_3
6,3883.085490621822,70369684.87143962,170194398.2985644,70373567.95693024,28252.760983633918,2623,0.3801665404996215,pvalloc_29nbfs_LRG2_max_histcnstrcapgr0_3
7,132098.8086863965,95830324.4641772,163056124.2386594,95962423.27286361,36725.121755769826,3934,0.578703002775675,pvalloc_29nbfs_LRG2_max_histcnstrcapgr0_3
8,1671222.306698932,129234175.41233619,155623536.58966988,130905397.71903513,43760.95214458445,5001,0.8310875599293465,pvalloc_29nbfs_LRG2_max_histcnstrcapgr0_3
9,6472968.952179996,162687518.12917566,148161880.11728895,169160487.08135566,27439.098329066113,3347,1.0,pvalloc_29nbfs_LRG2_max_histcnstrcapgr0_3
10,10280419.713570777,175035358.27554116,143902721.32912067,185315777.98911193,0.0,0,1.0,pvalloc_29nbfs_LRG2_max_histcnstrcapgr0_3
11,10280419.713570777,175035358.27554116,143902721.32912067,185315777.98911193,0.0,0,1.0,pvalloc_29nbfs_LRG2_max_histcnstrcapgr0_3
12,10280419.713570777,175035358.27554116,143902721.32912067,185315777.98911193,0.0,0,1.0,pvalloc_29nbfs_LRG2_max_histcnstrcapgr0_3
13,10280419.713570777,175035358.27554116,143902721.32912067,185315777.98911193,0.0,0,1.0,pvalloc_29nbfs_LRG2_max_histcnstrcapgr0_3
14,10280419.713570777,175035358.27554116,143902721.32912067,185315777.98911193,0.0,0,1.0,pvalloc_29nbfs_LRG2_max_histcnstrcapgr0_3
15,10280419.713570777,175035358.27554116,143902721.32912067,185315777.98911193,0.0,0,1.0,pvalloc_29nbfs_LRG2_max_histcnstrcapgr0_3
16,10280419.713570777,175035358.27554116,143902721.32912067,185315777.98911193,0.0,0,1.0,pvalloc_29nbfs_LRG2_max_histcnstrcapgr0_3
17,10280419.713570777,175035358.27554116,143902721.32912067,185315777.98911193,0.0,0,1.0,pvalloc_29nbfs_LRG2_max_histcnstrcapgr0_3
18,10280419.713570777,175035358.27554116,143902721.32912067,185315777.98911193,0.0,0,1.0,pvalloc_29nbfs_LRG2_max_histcnstrcapgr0_3
19,10280419.713570777,175035358.27554116,143902721.32912067,185315777.98911193,0.0,0,1.0,pvalloc_29nbfs_LRG2_max_histcnstrcapgr0_3
20,10280419.713570777,175035358.27554116,143902721.32912067,185315777.98911193,0.0,0,1.0,pvalloc_29nbfs_LRG2_max_histcnstrcapgr0_3
21,10280419.713570777,175035358.27554116,143902721.32912067,185315777.98911193,0.0,0,1.0,pvalloc_29nbfs_LRG2_max_histcnstrcapgr0_3
22,10280419.713570777,175035358.27554116,143902721.32912067,185315777.98911193,0.0,0,1.0,pvalloc_29nbfs_LRG2_max_histcnstrcapgr0_3
23,10280419.713570777,175035358.27554116,143902721.32912067,185315777.98911193,0.0,0,1.0,pvalloc_29nbfs_LRG2_max_histcnstrcapgr0_3
24,10280419.713570777,175035358.27554116,143902721.32912067,185315777.98911193,0.0,0,1.0,pvalloc_29nbfs_LRG2_max_histcnstrcapgr0_3
25,10280419.713570777,175035358.27554116,143902721.32912067,185315777.98911193,0.0,0,1.0,pvalloc_29nbfs_LRG2_max_histcnstrcapgr0_3
26,10280419.713570777,175035358.27554116,143902721.32912067,185315777.98911193,0.0,0,1.0,pvalloc_29nbfs_LRG2_max_histcnstrcapgr0_3
27,10280419.713570777,175035358.27554116,143902721.32912067,185315777.98911193,0.0,0,1.0,pvalloc_29nbfs_LRG2_max_histcnstrcapgr0_3
28,10280419.713570777,175035358.27554116,143902721.32912067,185315777.98911193,0.0,0,1.0,pvalloc_29nbfs_LRG2_max_histcnstrcapgr0_3
29,10280419.713570777,175035358.27554116,143902721.32912067,185315777.98911193,0.0,0,1.0,pvalloc_29nbfs_LRG2_max_histcnstrcapgr0_3
30,10280419.713570777,175035358.27554116,143902721.32912067,185315777.98911193,0.0,0,1.0,pvalloc_29nbfs_LRG2_max_histcnstrcapgr0_3
1,0.0,15683393.10845874,196046866.6249545,15683393.10845874,11526.538360184193,576,0.02906888720666162,pvalloc_29nbfs_LRG2_max_pksh
2,0.0,23981924.424497515,190768149.97867078,23981924.424497515,12809.111606546883,790,0.0689376734796871,pvalloc_29nbfs_LRG2_max_pksh
3,0.0,34156147.86979879,185852295.56558362,34156147.86979879,15556.023106593484,1148,0.12687358062074186,pvalloc_29nbfs_LRG2_max_pksh
4,0.0,46565145.62899476,179859909.6310453,46565145.62899476,18335.038141879864,1493,0.20222053999495332,pvalloc_29nbfs_LRG2_max_pksh
5,130.70345064960264,61386420.55161696,173419348.28986868,61386551.25506761,21126.480310547628,1825,0.2943224829674489,pvalloc_29nbfs_LRG2_max_pksh
6,21238.962586007518,79462506.99608238,167294831.00061032,79483745.95866838,23956.528440814098,2344,0.41261670451678023,pvalloc_29nbfs_LRG2_max_pksh
7,89163.03519849907,101542629.61761616,161679239.34116146,101631792.65281466,26815.109011975885,2881,0.5580116073681555,pvalloc_29nbfs_LRG2_max_pksh
8,607752.1565983719,125274895.87538716,156301532.09105018,125882648.03198555,30477.104999321356,3373,0.7282361847085541,pvalloc_29nbfs_LRG2_max_pksh
9,1734968.534638843,149011037.21901837,150965611.28545573,150746005.75365722,34165.704735268824,4126,0.9364622760534949,pvalloc_29nbfs_LRG2_max_pksh
10,3400625.7295510187,168980433.81168622,145373978.15666145,172381059.54123724,10252.864734772862,1259,1.0,pvalloc_29nbfs_LRG2_max_pksh
11,3020225.893392715,170640785.46040216,143902831.399314,173661011.35379484,0.0,0,1.0,pvalloc_29nbfs_LRG2_max_pksh
12,2793287.1885754475,171743730.7458425,143902831.399314,174537017.93441793,0.0,0,1.0,pvalloc_29nbfs_LRG2_max_pksh
13,2777888.2760947654,170589852.35545376,143902831.399314,173367740.6315485,0.0,0,1.0,pvalloc_29nbfs_LRG2_max_pksh
14,2793287.1885754475,171743730.7458425,143902831.399314,174537017.93441793,0.0,0,1.0,pvalloc_29nbfs_LRG2_max_pksh
15,2777888.2760947654,170589852.35545376,143902831.399314,173367740.6315485,0.0,0,1.0,pvalloc_29nbfs_LRG2_max_pksh
16,2793287.1885754475,171743730.7458425,143902831.399314,174537017.93441793,0.0,0,1.0,pvalloc_29nbfs_LRG2_max_pksh
17,2777888.2760947654,170589852.35545376,143902831.399314,173367740.6315485,0.0,0,1.0,pvalloc_29nbfs_LRG2_max_pksh
18,2793287.1885754475,171743730.7458425,143902831.399314,174537017.93441793,0.0,0,1.0,pvalloc_29nbfs_LRG2_max_pksh
19,2777888.2760947654,170589852.35545376,143902831.399314,173367740.6315485,0.0,0,1.0,pvalloc_29nbfs_LRG2_max_pksh
20,2793287.1885754475,171743730.7458425,143902831.399314,174537017.93441793,0.0,0,1.0,pvalloc_29nbfs_LRG2_max_pksh
21,2777888.2760947654,170589852.35545376,143902831.399314,173367740.6315485,0.0,0,1.0,pvalloc_29nbfs_LRG2_max_pksh
22,2793287.1885754475,171743730.7458425,143902831.399314,174537017.93441793,0.0,0,1.0,pvalloc_29nbfs_LRG2_max_pksh
23,2777888.2760947654,170589852.35545376,143902831.399314,173367740.6315485,0.0,0,1.0,pvalloc_29nbfs_LRG2_max_pksh
24,2793287.1885754475,171743730.7458425,143902831.399314,174537017.93441793,0.0,0,1.0,pvalloc_29nbfs_LRG2_max_pksh
25,2777888.2760947654,170589852.35545376,143902831.399314,173367740.6315485,0.0,0,1.0,pvalloc_29nbfs_LRG2_max_pksh
26,2793287.1885754475,171743730.7458425,143902831.399314,174537017.93441793,0.0,0,1.0,pvalloc_29nbfs_LRG2_max_pksh
27,2777888.2760947654,170589852.35545376,143902831.399314,173367740.6315485,0.0,0,1.0,pvalloc_29nbfs_LRG2_max_pksh
28,2793287.1885754475,171743730.7458425,143902831.399314,174537017.93441793,0.0,0,1.0,pvalloc_29nbfs_LRG2_max_pksh
29,2777888.2760947654,170589852.35545376,143902831.399314,173367740.6315485,0.0,0,1.0,pvalloc_29nbfs_LRG2_max_pksh
30,2793287.1885754475,171743730.7458425,143902831.399314,174537017.93441793,0.0,0,1.0,pvalloc_29nbfs_LRG2_max_pksh
1,0.0,15674266.187353572,196047016.38402185,15674266.187353572,11515.926174328539,576,0.02906888720666162,pvalloc_29nbfs_LRG2_max_pksh991
2,0.0,23981214.96099986,190765814.28577843,23981214.96099986,12804.56753231535,788,0.06883673984355286,pvalloc_29nbfs_LRG2_max_pksh991
3,0.0,34151035.06985271,185867701.17390296,34151035.06985271,15559.659786497992,1149,0.12682311380267475,pvalloc_29nbfs_LRG2_max_pksh991
4,0.0,46553645.01320507,179863657.04519925,46553645.01320507,18330.74801315917,1491,0.20206913954075195,pvalloc_29nbfs_LRG2_max_pksh991
5,220.11047278647783,61355351.61445822,173422103.134388,61355571.72493101,21133.57287764451,1826,0.29422154933131467,pvalloc_29nbfs_LRG2_max_pksh991
6,25675.42975882997,79489232.04436143,167306800.025681,79514907.47412023,23961.189390241307,2345,0.4125662376987131,pvalloc_29nbfs_LRG2_max_pksh991
7,203139.7717328525,101681502.66376233,161677234.90758085,101884642.43549518,26813.765144915156,2880,0.5579106737320212,pvalloc_29nbfs_LRG2_max_pksh991
8,1447586.3898435216,125953680.05317974,156303391.0992179,127401266.44302326,30478.738323619076,3374,0.728185717890487,pvalloc_29nbfs_LRG2_max_pksh991
9,4372850.809843825,150626086.5114651,150967634.75990254,154998937.3213089,34159.347741914076,4124,0.9363108755992935,pvalloc_29nbfs_LRG2_max_pksh991
10,9007459.528573701,171609402.94729042,145381374.14465654,180616862.4758641,10273.529649954531,1262,1.0,pvalloc_29nbfs_LRG2_max_pksh991
11,10283925.38555551,175048009.91374856,143906924.66041505,185331935.29930404,0.0,0,1.0,pvalloc_29nbfs_LRG2_max_pksh991
12,10283925.38555551,175048009.91374856,143906924.66041505,185331935.29930404,0.0,0,1.0,pvalloc_29nbfs_LRG2_max_pksh991
13,10283925.38555551,175048009.91374856,143906924.66041505,185331935.29930404,0.0,0,1.0,pvalloc_29nbfs_LRG2_max_pksh991
14,10283925.38555551,175048009.91374856,143906924.66041505,185331935.29930404,0.0,0,1.0,pvalloc_29nbfs_LRG2_max_pksh991
15,10283925.38555551,175048009.91374856,143906924.66041505,185331935.29930404,0.0,0,1.0,pvalloc_29nbfs_LRG2_max_pksh991
16,10283925.38555551,175048009.91374856,143906924.66041505,185331935.29930404,0.0,0,1.0,pvalloc_29nbfs_LRG2_max_pksh991
17,10283925.38555551,175048009.91374856,143906924.66041505,185331935.29930404,0.0,0,1.0,pvalloc_29nbfs_LRG2_max_pksh991
18,10283925.38555551,175048009.91374856,143906924.66041505,185331935.29930404,0.0,0,1.0,pvalloc_29nbfs_LRG2_max_pksh991
19,10283925.38555551,175048009.91374856,143906924.66041505,185331935.29930404,0.0,0,1.0,pvalloc_29nbfs_LRG2_max_pksh991
20,10283925.38555551,175048009.91374856,143906924.66041505,185331935.29930404,0.0,0,1.0,pvalloc_29nbfs_LRG2_max_pksh991
21,10283925.38555551,175048009.91374856,143906924.66041505,185331935.29930404,0.0,0,1.0,pvalloc_29nbfs_LRG2_max_pksh991
22,10283925.38555551,175048009.91374856,143906924.66041505,185331935.29930404,0.0,0,1.0,pvalloc_29nbfs_LRG2_max_pksh991
23,10283925.38555551,175048009.91374856,143906924.66041505,185331935.29930404,0.0,0,1.0,pvalloc_29nbfs_LRG2_max_pksh991
24,10283925.38555551,175048009.91374856,143906924.66041505,185331935.29930404,0.0,0,1.0,pvalloc_29nbfs_LRG2_max_pksh991
25,10283925.38555551,175048009.91374856,143906924.66041505,185331935.29930404,0.0,0,1.0,pvalloc_29nbfs_LRG2_max_pksh991
26,10283925.38555551,175048009.91374856,143906924.66041505,185331935.29930404,0.0,0,1.0,pvalloc_29nbfs_LRG2_max_pksh991
27,10283925.38555551,175048009.91374856,143906924.66041505,185331935.29930404,0.0,0,1.0,pvalloc_29nbfs_LRG2_max_pksh991
28,10283925.38555551,175048009.91374856,143906924.66041505,185331935.29930404,0.0,0,1.0,pvalloc_29nbfs_LRG2_max_pksh991
29,10283925.38555551,175048009.91374856,143906924.66041505,185331935.29930404,0.0,0,1.0,pvalloc_29nbfs_LRG2_max_pksh991
30,10283925.38555551,175048009.91374856,143906924.66041505,185331935.29930404,0.0,0,1.0,pvalloc_29nbfs_LRG2_max_pksh991
1,0.0,15683393.10845874,196046866.6249545,15683393.10845874,11527.12953162443,563,0.02841281857178905,pvalloc_29nbfs_LRG2_max_pksh_sCs2p8
2,0.0,24100073.0294991,190965846.86373386,24100073.0294991,12812.242168543089,769,0.06722180166540499,pvalloc_29nbfs_LRG2_max_pksh_sCs2p8
3,0.0,34475401.60175565,186341702.60163453,34475401.60175565,15559.223049010796,1129,0.12419883926318445,pvalloc_29nbfs_LRG2_max_pksh_sCs2p8
4,16.230413036013886,46993382.84522003,180572366.5521228,46993399.075633064,18328.529703590015,1478,0.1987887963663891,pvalloc_29nbfs_LRG2_max_pksh_sCs2p8
5,0.0,61884715.15736669,174363073.6356995,61884715.15736669,21128.365725223877,1882,0.29376734796871057,pvalloc_29nbfs_LRG2_max_pksh_sCs2p8
6,9439.020113058034,80320246.38774864,168433884.3289816,80329685.4078617,23958.662733232453,2437,0.4167549835982841,pvalloc_29nbfs_LRG2_max_pksh_sCs2p8
7,9170.316949231696,102163818.44579074,162757941.8148486,102172988.76273996,26821.247119359497,2857,0.5609386828160484,pvalloc_29nbfs_LRG2_max_pksh_sCs2p8
8,820894.851277495,125649381.36624089,157131623.5876742,126470276.21751837,30475.026428767487,3473,0.7362099419631593,pvalloc_29nbfs_LRG2_max_pksh_sCs2p8
9,1878507.5398164904,149657460.7838001,151437633.51125985,151535968.3236166,34159.667477967756,3956,0.9358566742366894,pvalloc_29nbfs_LRG2_max_pksh_sCs2p8
10,4126318.2040775074,169959211.95415306,145478434.5551825,174085530.15823057,10288.479801241583,1271,1.0,pvalloc_29nbfs_LRG2_max_pksh_sCs2p8
11,3180198.8742236374,170263929.56946847,143902262.84135988,173444128.44369212,0.0,0,1.0,pvalloc_29nbfs_LRG2_max_pksh_sCs2p8
12,3099714.0643465817,172183004.87226623,143902262.84135988,175282718.9366128,0.0,0,1.0,pvalloc_29nbfs_LRG2_max_pksh_sCs2p8
13,2480187.9459129614,170181283.74920684,143902262.84135988,172661471.6951198,0.0,0,1.0,pvalloc_29nbfs_LRG2_max_pksh_sCs2p8
14,3099714.0643465817,172183004.87226623,143902262.84135988,175282718.9366128,0.0,0,1.0,pvalloc_29nbfs_LRG2_max_pksh_sCs2p8
15,2480187.9459129614,170181283.74920684,143902262.84135988,172661471.6951198,0.0,0,1.0,pvalloc_29nbfs_LRG2_max_pksh_sCs2p8
16,3099714.0643465817,172183004.87226623,143902262.84135988,175282718.9366128,0.0,0,1.0,pvalloc_29nbfs_LRG2_max_pksh_sCs2p8
17,2480187.9459129614,170181283.74920684,143902262.84135988,172661471.6951198,0.0,0,1.0,pvalloc_29nbfs_LRG2_max_pksh_sCs2p8
18,3099714.0643465817,172183004.87226623,143902262.84135988,175282718.9366128,0.0,0,1.0,pvalloc_29nbfs_LRG2_max_pksh_sCs2p8
19,2480187.9459129614,170181283.74920684,143902262.84135988,172661471.6951198,0.0,0,1.0,pvalloc_29nbfs_LRG2_max_pksh_sCs2p8
20,3099714.0643465817,172183004.87226623,143902262.84135988,175282718.9366128,0.0,0,1.0,pvalloc_29nbfs_LRG2_max_pksh_sCs2p8
21,2480187.9459129614,170181283.74920684,143902262.84135988,172661471.6951198,0.0,0,1.0,pvalloc_29nbfs_LRG2_max_pksh_sCs2p8
22,3099714.0643465817,172183004.87226623,143902262.84135988,175282718.9366128,0.0,0,1.0,pvalloc_29nbfs_LRG2_max_pksh_sCs2p8
23,2480187.9459129614,170181283.74920684,143902262.84135988,172661471.6951198,0.0,0,1.0,pvalloc_29nbfs_LRG2_max_pksh_sCs2p8
24,3099714.0643465817,172183004.87226623,143902262.84135988,175282718.9366128,0.0,0,1.0,pvalloc_29nbfs_LRG2_max_pksh_sCs2p8
25,2480187.9459129614,170181283.74920684,143902262.84135988,172661471.6951198,0.0,0,1.0,pvalloc_29nbfs_LRG2_max_pksh_sCs2p8
26,3099714.0643465817,172183004.87226623,143902262.84135988,175282718.9366128,0.0,0,1.0,pvalloc_29nbfs_LRG2_max_pksh_sCs2p8
27,2480187.9459129614,170181283.74920684,143902262.84135988,172661471.6951198,0.0,0,1.0,pvalloc_29nbfs_LRG2_max_pksh_sCs2p8
28,3099714.0643465817,172183004.87226623,143902262.84135988,175282718.9366128,0.0,0,1.0,pvalloc_29nbfs_LRG2_max_pksh_sCs2p8
29,2480187.9459129614,170181283.74920684,143902262.84135988,172661471.6951198,0.0,0,1.0,pvalloc_29nbfs_LRG2_max_pksh_sCs2p8
30,3099714.0643465817,172183004.87226623,143902262.84135988,175282718.9366128,0.0,0,1.0,pvalloc_29nbfs_LRG2_max_pksh_sCs2p8
1,0.0,15680003.795820689,196046900.72296983,15680003.795820689,11531.222102194426,563,0.02841281857178905,pvalloc_29nbfs_LRG2_max_pksh_sCs4p8
2,0.0,24093895.892032687,190979380.09607163,24093895.892032687,12804.753135971625,768,0.06717133484733788,pvalloc_29nbfs_LRG2_max_pksh_sCs4p8
3,0.0,34425530.93749536,186354030.34008893,34425530.93749536,15565.24976887784,1127,0.1240474388089831,pvalloc_29nbfs_LRG2_max_pksh_sCs4p8
4,17.278736620224777,46939549.87273808,180581842.90670383,46939567.1514747,18324.81276640072,1472,0.198334595003785,pvalloc_29nbfs_LRG2_max_pksh_sCs4p8
5,0.0,61869274.24109878,174463542.8087872,61869274.24109878,21132.85883593289,1878,0.293111279333838,pvalloc_29nbfs_LRG2_max_pksh_sCs4p8
6,8357.535111590765,80212390.23777248,168575242.3979493,80220747.77288407,23961.526386548037,2417,0.41508957860206913,pvalloc_29nbfs_LRG2_max_pksh_sCs4p8
7,64611.19778354588,101902994.65550648,162904204.15813798,101967605.85329,26814.675200191963,2873,0.5600807469089074,pvalloc_29nbfs_LRG2_max_pksh_sCs4p8
8,672097.091056411,125465985.15069172,157200839.2324631,126138082.24174812,30469.90171961676,3445,0.7339389351501387,pvalloc_29nbfs_LRG2_max_pksh_sCs4p8
9,1837516.065229748,149838922.02450123,151481668.0047092,151676438.08973098,34167.26282881105,4007,0.9361594751450921,pvalloc_29nbfs_LRG2_max_pksh_sCs4p8
10,4067916.033073674,169987316.15167698,145492539.69633982,174055232.18475065,10258.97579028719,1265,1.0,pvalloc_29nbfs_LRG2_max_pksh_sCs4p8
11,3167632.9211607873,170179509.28649375,143905355.6781509,173347142.2076545,0.0,0,1.0,pvalloc_29nbfs_LRG2_max_pksh_sCs4p8
12,3086906.9693583725,172207407.88682714,143905355.6781509,175294314.8561855,0.0,0,1.0,pvalloc_29nbfs_LRG2_max_pksh_sCs4p8
13,2486289.281792398,170100295.3716786,143905355.6781509,172586584.653471,0.0,0,1.0,pvalloc_29nbfs_LRG2_max_pksh_sCs4p8
14,3086906.9693583725,172207407.88682714,143905355.6781509,175294314.8561855,0.0,0,1.0,pvalloc_29nbfs_LRG2_max_pksh_sCs4p8
15,2486289.281792398,170100295.3716786,143905355.6781509,172586584.653471,0.0,0,1.0,pvalloc_29nbfs_LRG2_max_pksh_sCs4p8
16,3086906.9693583725,172207407.88682714,143905355.6781509,175294314.8561855,0.0,0,1.0,pvalloc_29nbfs_LRG2_max_pksh_sCs4p8
17,2486289.281792398,170100295.3716786,143905355.6781509,172586584.653471,0.0,0,1.0,pvalloc_29nbfs_LRG2_max_pksh_sCs4p8
18,3086906.9693583725,172207407.88682714,143905355.6781509,175294314.8561855,0.0,0,1.0,pvalloc_29nbfs_LRG2_max_pksh_sCs4p8
19,2486289.281792398,170100295.3716786,143905355.6781509,172586584.653471,0.0,0,1.0,pvalloc_29nbfs_LRG2_max_pksh_sCs4p8
20,3086906.9693583725,172207407.88682714,143905355.6781509,175294314.8561855,0.0,0,1.0,pvalloc_29nbfs_LRG2_max_pksh_sCs4p8
21,2486289.281792398,170100295.3716786,143905355.6781509,172586584.653471,0.0,0,1.0,pvalloc_29nbfs_LRG2_max_pksh_sCs4p8
22,3086906.9693583725,172207407.88682714,143905355.6781509,175294314.8561855,0.0,0,1.0,pvalloc_29nbfs_LRG2_max_pksh_sCs4p8
23,2486289.281792398,170100295.3716786,143905355.6781509,172586584.653471,0.0,0,1.0,pvalloc_29nbfs_LRG2_max_pksh_sCs4p8
24,3086906.9693583725,172207407.88682714,143905355.6781509,175294314.8561855,0.0,0,1.0,pvalloc_29nbfs_LRG2_max_pksh_sCs4p8
25,2486289.281792398,170100295.3716786,143905355.6781509,172586584.653471,0.0,0,1.0,pvalloc_29nbfs_LRG2_max_pksh_sCs4p8
26,3086906.9693583725,172207407.88682714,143905355.6781509,175294314.8561855,0.0,0,1.0,pvalloc_29nbfs_LRG2_max_pksh_sCs4p8
27,2486289.281792398,170100295.3716786,143905355.6781509,172586584.653471,0.0,0,1.0,pvalloc_29nbfs_LRG2_max_pksh_sCs4p8
28,3086906.9693583725,172207407.88682714,143905355.6781509,175294314.8561855,0.0,0,1.0,pvalloc_29nbfs_LRG2_max_pksh_sCs4p8
29,2486289.281792398,170100295.3716786,143905355.6781509,172586584.653471,0.0,0,1.0,pvalloc_29nbfs_LRG2_max_pksh_sCs4p8
30,3086906.9693583725,172207407.88682714,143905355.6781509,175294314.8561855,0.0,0,1.0,pvalloc_29nbfs_LRG2_max_pksh_sCs4p8
1,0.0,15683361.05241115,196046875.54494625,15683361.05241115,11527.889243673937,563,0.02841281857178905,pvalloc_29nbfs_LRG2_max_pksh_sCs6p8
2,0.0,24092866.27811286,190982630.89620882,24092866.27811286,12806.19731846642,773,0.06742366893767349,pvalloc_29nbfs_LRG2_max_pksh_sCs6p8
3,0.0,34378603.51145083,186348057.6600395,34378603.51145083,15549.927879140472,1121,0.12399697199091597,pvalloc_29nbfs_LRG2_max_pksh_sCs6p8
4,0.0,46851518.657957695,180606760.74942726,46851518.657957695,18330.88605809077,1483,0.19883926318445622,pvalloc_29nbfs_LRG2_max_pksh_sCs6p8
5,0.0,61791396.426659405,174531872.2278864,61791396.426659405,21137.767322721265,1865,0.29295987887963665,pvalloc_29nbfs_LRG2_max_pksh_sCs6p8
6,5594.872540973719,80190532.402648,168888690.9566338,80196127.27518897,23956.579618038617,2396,0.41387837496845825,pvalloc_29nbfs_LRG2_max_pksh_sCs6p8
7,89006.59188552054,101762982.54902168,163108623.32678345,101851989.14090718,26814.950874689617,2869,0.558667676003028,pvalloc_29nbfs_LRG2_max_pksh_sCs6p8
8,524970.5644274089,125351523.55891092,157275587.13899353,125876494.12333833,30470.68680315155,3459,0.7332323996971991,pvalloc_29nbfs_LRG2_max_pksh_sCs6p8
9,1852642.8236734308,149977794.86830404,151531001.64125487,151830437.69197747,34159.86775025903,4023,0.9362604087812263,pvalloc_29nbfs_LRG2_max_pksh_sCs6p8
10,4099546.9707233007,169831630.30617318,145515618.68328118,173931177.27689648,10280.323854400034,1263,1.0,pvalloc_29nbfs_LRG2_max_pksh_sCs6p8
11,3219059.933215478,170348827.09592584,143909829.12657857,173567887.0291413,0.0,0,1.0,pvalloc_29nbfs_LRG2_max_pksh_sCs6p8
12,2982133.607648339,172039976.29827315,143909829.1265786,175022109.9059215,0.0,0,1.0,pvalloc_29nbfs_LRG2_max_pksh_sCs6p8
13,2588621.0189836826,170260662.38152945,143909829.12657857,172849283.40051314,0.0,0,1.0,pvalloc_29nbfs_LRG2_max_pksh_sCs6p8
14,2982133.607648339,172039976.29827315,143909829.1265786,175022109.9059215,0.0,0,1.0,pvalloc_29nbfs_LRG2_max_pksh_sCs6p8
15,2588621.0189836826,170260662.38152945,143909829.12657857,172849283.40051314,0.0,0,1.0,pvalloc_29nbfs_LRG2_max_pksh_sCs6p8
16,2982133.607648339,172039976.29827315,143909829.1265786,175022109.9059215,0.0,0,1.0,pvalloc_29nbfs_LRG2_max_pksh_sCs6p8
17,2588621.0189836826,170260662.38152945,143909829.12657857,172849283.40051314,0.0,0,1.0,pvalloc_29nbfs_LRG2_max_pksh_sCs6p8
18,2982133.607648339,172039976.29827315,143909829.1265786,175022109.9059215,0.0,0,1.0,pvalloc_29nbfs_LRG2_max_pksh_sCs6p8
19,2588621.0189836826,170260662.38152945,143909829.12657857,172849283.40051314,0.0,0,1.0,pvalloc_29nbfs_LRG2_max_pksh_sCs6p8
20,2982133.607648339,172039976.29827315,143909829.1265786,175022109.9059215,0.0,0,1.0,pvalloc_29nbfs_LRG2_max_pksh_sCs6p8
21,2588621.0189836826,170260662.38152945,143909829.12657857,172849283.40051314,0.0,0,1.0,pvalloc_29nbfs_LRG2_max_pksh_sCs6p8
22,2982133.607648339,172039976.29827315,143909829.1265786,175022109.9059215,0.0,0,1.0,pvalloc_29nbfs_LRG2_max_pksh_sCs6p8
23,2588621.0189836826,170260662.38152945,143909829.12657857,172849283.40051314,0.0,0,1.0,pvalloc_29nbfs_LRG2_max_pksh_sCs6p8
24,2982133.607648339,172039976.29827315,143909829.1265786,175022109.9059215,0.0,0,1.0,pvalloc_29nbfs_LRG2_max_pksh_sCs6p8
25,2588621.0189836826,170260662.38152945,143909829.12657857,172849283.40051314,0.0,0,1.0,pvalloc_29nbfs_LRG2_max_pksh_sCs6p8
26,2982133.607648339,172039976.29827315,143909829.1265786,175022109.9059215,0.0,0,1.0,pvalloc_29nbfs_LRG2_max_pksh_sCs6p8
27,2588621.0189836826,170260662.38152945,143909829.12657857,172849283.40051314,0.0,0,1.0,pvalloc_29nbfs_LRG2_max_pksh_sCs6p8
28,2982133.607648339,172039976.29827315,143909829.1265786,175022109.9059215,0.0,0,1.0,pvalloc_29nbfs_LRG2_max_pksh_sCs6p8
29,2588621.0189836826,170260662.38152945,143909829.12657857,172849283.40051314,0.0,0,1.0,pvalloc_29nbfs_LRG2_max_pksh_sCs6p8
30,2982133.607648339,172039976.29827315,143909829.1265786,175022109.9059215,0.0,0,1.0,pvalloc_29nbfs_LRG2_max_pksh_sCs6p8
1,0.0,15683393.10845874,196046866.6249545,15683393.10845874,11532.069308220984,574,0.02896795357052738,pvalloc_29nbfs_LRG2_max_sAs6p0
2,0.0,23970498.58942473,190795212.07797694,23970498.58942473,12818.489597330854,798,0.06924047438808983,pvalloc_29nbfs_LRG2_max_sAs6p0
3,0.0,33970297.76858934,185824799.51883578,33970297.76858934,15554.693982990118,1137,0.12662124653040627,pvalloc_29nbfs_LRG2_max_sAs6p0
4,0.0,46299205.193312965,179897785.80421737,46299205.193312965,18325.945769427577,1500,0.20232147363108757,pvalloc_29nbfs_LRG2_max_sAs6p0
5,43.474477952600694,61183742.39262773,173504236.2332002,61183785.86710568,21127.88446491064,1824,0.29437294978551604,pvalloc_29nbfs_LRG2_max_sAs6p0
6,27964.544285244658,79521763.00936069,167684838.00844336,79549727.55364594,23965.11183536923,2226,0.4067120868029271,pvalloc_29nbfs_LRG2_max_sAs6p0
7,197410.2513938847,101092207.13991238,162307972.46335375,101289617.39130627,26817.16561764645,2839,0.5499873832954832,pvalloc_29nbfs_LRG2_max_sAs6p0
8,1320637.2544802814,125309380.37693615,156794735.13461992,126630017.63141643,30473.356576927577,3483,0.7257633106232652,pvalloc_29nbfs_LRG2_max_sAs6p0
9,4289728.397546618,150525394.96956784,151100028.31178033,154815123.36711448,34162.337942036975,4175,0.9364622760534949,pvalloc_29nbfs_LRG2_max_sAs6p0
10,9001771.427559748,171617510.0148422,145376497.15321496,180619281.44240195,10237.105060150789,1259,1.0,pvalloc_29nbfs_LRG2_max_sAs6p0
11,10269015.390793266,175043208.0912322,143904530.9961066,185312223.48202547,0.0,0,1.0,pvalloc_29nbfs_LRG2_max_sAs6p0
12,10269015.390793266,175043208.0912322,143904530.9961066,185312223.48202547,0.0,0,1.0,pvalloc_29nbfs_LRG2_max_sAs6p0
13,10269015.390793266,175043208.0912322,143904530.9961066,185312223.48202547,0.0,0,1.0,pvalloc_29nbfs_LRG2_max_sAs6p0
14,10269015.390793266,175043208.0912322,143904530.9961066,185312223.48202547,0.0,0,1.0,pvalloc_29nbfs_LRG2_max_sAs6p0
15,10269015.390793266,175043208.0912322,143904530.9961066,185312223.48202547,0.0,0,1.0,pvalloc_29nbfs_LRG2_max_sAs6p0
16,10269015.390793266,175043208.0912322,143904530.9961066,185312223.48202547,0.0,0,1.0,pvalloc_29nbfs_LRG2_max_sAs6p0
17,10269015.390793266,175043208.0912322,143904530.9961066,185312223.48202547,0.0,0,1.0,pvalloc_29nbfs_LRG2_max_sAs6p0
18,10269015.390793266,175043208.0912322,143904530.9961066,185312223.48202547,0.0,0,1.0,pvalloc_29nbfs_LRG2_max_sAs6p0
19,10269015.390793266,175043208.0912322,143904530.9961066,185312223.48202547,0.0,0,1.0,pvalloc_29nbfs_LRG2_max_sAs6p0
20,10269015.390793266,175043208.0912322,143904530.9961066,185312223.48202547,0.0,0,1.0,pvalloc_29nbfs_LRG2_max_sAs6p0
21,10269015.390793266,175043208.0912322,143904530.9961066,185312223.48202547,0.0,0,1.0,pvalloc_29nbfs_LRG2_max_sAs6p0
22,10269015.390793266,175043208.0912322,143904530.9961066,185312223.48202547,0.0,0,1.0,pvalloc_29nbfs_LRG2_max_sAs6p0
23,10269015.390793266,175043208.0912322,143904530.9961066,185312223.48202547,0.0,0,1.0,pvalloc_29nbfs_LRG2_max_sAs6p0
24,10269015.390793266,175043208.0912322,143904530.9961066,185312223.48202547,0.0,0,1.0,pvalloc_29nbfs_LRG2_max_sAs6p0
25,10269015.390793266,175043208.0912322,143904530.9961066,185312223.48202547,0.0,0,1.0,pvalloc_29nbfs_LRG2_max_sAs6p0
26,10269015.390793266,175043208.0912322,143904530.9961066,185312223.48202547,0.0,0,1.0,pvalloc_29nbfs_LRG2_max_sAs6p0
27,10269015.390793266,175043208.0912322,143904530.9961066,185312223.48202547,0.0,0,1.0,pvalloc_29nbfs_LRG2_max_sAs6p0
28,10269015.390793266,175043208.0912322,143904530.9961066,185312223.48202547,0.0,0,1.0,pvalloc_29nbfs_LRG2_max_sAs6p0
29,10269015.390793266,175043208.0912322,143904530.9961066,185312223.48202547,0.0,0,1.0,pvalloc_29nbfs_LRG2_max_sAs6p0
30,10269015.390793266,175043208.0912322,143904530.9961066,185312223.48202547,0.0,0,1.0,pvalloc_29nbfs_LRG2_max_sAs6p0
1,0.0,15683393.10845874,196046866.6249545,15683393.10845874,11518.00501332909,565,0.02851375220792329,pvalloc_29nbfs_LRG2_max_sBs0p8
2,0.0,24086754.612542935,190941954.49416083,24086754.612542935,12818.022048269953,770,0.06737320211960636,pvalloc_29nbfs_LRG2_max_sBs0p8
3,0.0,34473632.462005004,186308217.3459921,34473632.462005004,15549.524712206723,1132,0.12450164017158719,pvalloc_29nbfs_LRG2_max_sBs0p8
4,16.66676533546803,47050587.2142075,180576143.95207807,47050603.88097284,18327.478468594778,1471,0.198738329548322,pvalloc_29nbfs_LRG2_max_sBs0p8
5,16.66676533546803,62018635.74354622,174420536.79498515,62018652.41031155,21132.094041349188,1911,0.29518041887458996,pvalloc_29nbfs_LRG2_max_sBs0p8
6,10586.058322288653,80544710.55634525,168429935.35408837,80555296.61466755,23964.96185313186,2480,0.4203381276810497,pvalloc_29nbfs_LRG2_max_sBs0p8
7,16432.351620770638,102731472.36367944,162677238.11078903,102747904.71530023,26826.30196922135,2872,0.5652788291698209,pvalloc_29nbfs_LRG2_max_sBs0p8
8,138794.71296859038,126675530.00358726,157092486.55311263,126814324.71655585,30471.619195827985,3387,0.7362099419631593,pvalloc_29nbfs_LRG2_max_sBs0p8
9,1833129.3899915214,152031058.53088728,151229894.50477672,153864187.92087886,34161.893203588574,3939,0.9349987383295483,pvalloc_29nbfs_LRG2_max_sBs0p8
10,8191724.655493904,172028011.59664828,145446210.43019682,180219736.2521422,10284.45820354266,1288,1.0,pvalloc_29nbfs_LRG2_max_sBs0p8
11,10290976.308595538,175072457.79348716,143901166.26010036,185363434.1020827,0.0,0,1.0,pvalloc_29nbfs_LRG2_max_sBs0p8
12,10290976.308595538,175072457.79348716,143901166.26010036,185363434.1020827,0.0,0,1.0,pvalloc_29nbfs_LRG2_max_sBs0p8
13,10290976.308595538,175072457.79348716,143901166.26010036,185363434.1020827,0.0,0,1.0,pvalloc_29nbfs_LRG2_max_sBs0p8
14,10290976.308595538,175072457.79348716,143901166.26010036,185363434.1020827,0.0,0,1.0,pvalloc_29nbfs_LRG2_max_sBs0p8
15,10290976.308595538,175072457.79348716,143901166.26010036,185363434.1020827,0.0,0,1.0,pvalloc_29nbfs_LRG2_max_sBs0p8
16,10290976.308595538,175072457.79348716,143901166.26010036,185363434.1020827,0.0,0,1.0,pvalloc_29nbfs_LRG2_max_sBs0p8
17,10290976.308595538,175072457.79348716,143901166.26010036,185363434.1020827,0.0,0,1.0,pvalloc_29nbfs_LRG2_max_sBs0p8
18,10290976.308595538,175072457.79348716,143901166.26010036,185363434.1020827,0.0,0,1.0,pvalloc_29nbfs_LRG2_max_sBs0p8
19,10290976.308595538,175072457.79348716,143901166.26010036,185363434.1020827,0.0,0,1.0,pvalloc_29nbfs_LRG2_max_sBs0p8
20,10290976.308595538,175072457.79348716,143901166.26010036,185363434.1020827,0.0,0,1.0,pvalloc_29nbfs_LRG2_max_sBs0p8
21,10290976.308595538,175072457.79348716,143901166.26010036,185363434.1020827,0.0,0,1.0,pvalloc_29nbfs_LRG2_max_sBs0p8
22,10290976.308595538,175072457.79348716,143901166.26010036,185363434.1020827,0.0,0,1.0,pvalloc_29nbfs_LRG2_max_sBs0p8
23,10290976.308595538,175072457.79348716,143901166.26010036,185363434.1020827,0.0,0,1.0,pvalloc_29nbfs_LRG2_max_sBs0p8
24,10290976.308595538,175072457.79348716,143901166.26010036,185363434.1020827,0.0,0,1.0,pvalloc_29nbfs_LRG2_max_sBs0p8
25,10290976.308595538,175072457.79348716,143901166.26010036,185363434.1020827,0.0,0,1.0,pvalloc_29nbfs_LRG2_max_sBs0p8
26,10290976.308595538,175072457.79348716,143901166.26010036,185363434.1020827,0.0,0,1.0,pvalloc_29nbfs_LRG2_max_sBs0p8
27,10290976.308595538,175072457.79348716,143901166.26010036,185363434.1020827,0.0,0,1.0,pvalloc_29nbfs_LRG2_max_sBs0p8
28,10290976.308595538,175072457.79348716,143901166.26010036,185363434.1020827,0.0,0,1.0,pvalloc_29nbfs_LRG2_max_sBs0p8
29,10290976.308595538,175072457.79348716,143901166.26010036,185363434.1020827,0.0,0,1.0,pvalloc_29nbfs_LRG2_max_sBs0p8
30,10290976.308595538,175072457.79348716,143901166.26010036,185363434.1020827,0.0,0,1.0,pvalloc_29nbfs_LRG2_max_sBs0p8
1,0.0,15683393.10845874,196046866.6249545,15683393.10845874,11523.777605670386,565,0.02851375220792329,pvalloc_29nbfs_LRG2_max_sCs2p6
2,0.0,24070232.14641318,190926237.12665796,24070232.14641318,12803.903541295493,771,0.06742366893767349,pvalloc_29nbfs_LRG2_max_sCs2p6
3,0.0,34434522.19038358,186263287.72636485,34434522.19038358,15560.86357640354,1129,0.12440070653545295,pvalloc_29nbfs_LRG2_max_sCs2p6
4,17.31958768071314,46870872.08238117,180417421.1087604,46870889.401968844,18324.560346127408,1475,0.19883926318445622,pvalloc_29nbfs_LRG2_max_sCs2p6
5,17.31958768071314,61654821.2946206,174107476.94501927,61654838.614208296,21130.748690653534,1877,0.2935654806964421,pvalloc_29nbfs_LRG2_max_sCs2p6
6,7255.403887907292,79963218.75199503,167997779.89582372,79970474.15588292,23958.15424497356,2387,0.4140297754226596,pvalloc_29nbfs_LRG2_max_sCs2p6
7,30825.5754464181,102017192.28989327,162332922.6969826,102048017.8653397,26817.96360178953,2899,0.560333080999243,pvalloc_29nbfs_LRG2_max_sCs2p6
8,175052.67946183175,126746547.75098246,156902671.56950226,126921600.43044429,30473.9202155887,3416,0.7327277315165279,pvalloc_29nbfs_LRG2_max_sCs2p6
9,2080246.5188992913,152351893.76467696,151261458.74539602,154432140.28357625,34162.471928194296,4017,0.9354529396921524,pvalloc_29nbfs_LRG2_max_sCs2p6
10,8200690.224991292,172073517.7352402,145439493.513408,180274207.9602315,10279.520186052503,1279,1.0,pvalloc_29nbfs_LRG2_max_sCs2p6
11,10290005.935548857,175056854.33787256,143903916.03974968,185346860.27342144,0.0,0,1.0,pvalloc_29nbfs_LRG2_max_sCs2p6
12,10290005.935548857,175056854.33787256,143903916.03974968,185346860.27342144,0.0,0,1.0,pvalloc_29nbfs_LRG2_max_sCs2p6
13,10290005.935548857,175056854.33787256,143903916.03974968,185346860.27342144,0.0,0,1.0,pvalloc_29nbfs_LRG2_max_sCs2p6
14,10290005.935548857,175056854.33787256,143903916.03974968,185346860.27342144,0.0,0,1.0,pvalloc_29nbfs_LRG2_max_sCs2p6
15,10290005.935548857,175056854.33787256,143903916.03974968,185346860.27342144,0.0,0,1.0,pvalloc_29nbfs_LRG2_max_sCs2p6
16,10290005.935548857,175056854.33787256,143903916.03974968,185346860.27342144,0.0,0,1.0,pvalloc_29nbfs_LRG2_max_sCs2p6
17,10290005.935548857,175056854.33787256,143903916.03974968,185346860.27342144,0.0,0,1.0,pvalloc_29nbfs_LRG2_max_sCs2p6
18,10290005.935548857,175056854.33787256,143903916.03974968,185346860.27342144,0.0,0,1.0,pvalloc_29nbfs_LRG2_max_sCs2p6
19,10290005.935548857,175056854.33787256,143903916.03974968,185346860.27342144,0.0,0,1.0,pvalloc_29nbfs_LRG2_max_sCs2p6
20,10290005.935548857,175056854.33787256,143903916.03974968,185346860.27342144,0.0,0,1.0,pvalloc_29nbfs_LRG2_max_sCs2p6
21,10290005.935548857,175056854.33787256,143903916.03974968,185346860.27342144,0.0,0,1.0,pvalloc_29nbfs_LRG2_max_sCs2p6
22,10290005.935548857,175056854.33787256,143903916.03974968,185346860.27342144,0.0,0,1.0,pvalloc_29nbfs_LRG2_max_sCs2p6
23,10290005.935548857,175056854.33787256,143903916.03974968,185346860.27342144,0.0,0,1.0,pvalloc_29nbfs_LRG2_max_sCs2p6
24,10290005.935548857,175056854.33787256,143903916.03974968,185346860.27342144,0.0,0,1.0,pvalloc_29nbfs_LRG2_max_sCs2p6
25,10290005.935548857,175056854.33787256,143903916.03974968,185346860.27342144,0.0,0,1.0,pvalloc_29nbfs_LRG2_max_sCs2p6
26,10290005.935548857,175056854.33787256,143903916.03974968,185346860.27342144,0.0,0,1.0,pvalloc_29nbfs_LRG2_max_sCs2p6
27,10290005.935548857,175056854.33787256,143903916.03974968,185346860.27342144,0.0,0,1.0,pvalloc_29nbfs_LRG2_max_sCs2p6
28,10290005.935548857,175056854.33787256,143903916.03974968,185346860.27342144,0.0,0,1.0,pvalloc_29nbfs_LRG2_max_sCs2p6
29,10290005.935548857,175056854.33787256,143903916.03974968,185346860.27342144,0.0,0,1.0,pvalloc_29nbfs_LRG2_max_sCs2p6
30,10290005.935548857,175056854.33787256,143903916.03974968,185346860.27342144,0.0,0,1.0,pvalloc_29nbfs_LRG2_max_sCs2p6
1,0.0,15683393.10845874,196046866.6249545,15683393.10845874,11522.275494526139,562,0.02836235175372193,pvalloc_29nbfs_LRG2_max_sCs2p8
2,0.0,24094268.524810728,190972951.5286711,24094268.524810728,12803.15316358967,770,0.06722180166540499,pvalloc_29nbfs_LRG2_max_sCs2p8
3,0.0,34458516.659339525,186340705.75504437,34458516.659339525,15559.42773411371,1129,0.12419883926318445,pvalloc_29nbfs_LRG2_max_sCs2p8
4,16.663337703014633,46977603.916832566,180570151.5228355,46977620.580170274,18326.913862889287,1474,0.19858692909412062,pvalloc_29nbfs_LRG2_max_sCs2p8
5,16.663337703014633,61894794.43849029,174387411.22986096,61894811.101827994,21128.059044556183,1885,0.2937168811506434,pvalloc_29nbfs_LRG2_max_sCs2p8
6,9782.183654829012,80311152.4839493,168441519.4727186,80320934.66760413,23964.965834938783,2437,0.416704516780217,pvalloc_29nbfs_LRG2_max_sCs2p8
7,19394.199320966105,102414306.44028689,162762699.87686217,102433700.63960786,26815.730166193465,2895,0.5628059550845319,pvalloc_29nbfs_LRG2_max_sCs2p8
8,143695.9583872898,126547366.30945535,157158141.5121341,126691062.26784265,30471.94627157623,3377,0.7332323996971991,pvalloc_29nbfs_LRG2_max_sCs2p8
9,1835048.5674237346,152076123.99788302,151326634.72093034,153911172.56530675,34159.743776535346,3995,0.9348473378753469,pvalloc_29nbfs_LRG2_max_sCs2p8
10,8185219.0455215,172029223.90012664,145449086.58999386,180214442.94564816,10297.62877179221,1291,1.0,pvalloc_29nbfs_LRG2_max_sCs2p8
11,10291150.49627132,175074840.30591792,143900048.26992023,185365990.80218923,0.0,0,1.0,pvalloc_29nbfs_LRG2_max_sCs2p8
12,10291150.49627132,175074840.30591792,143900048.26992023,185365990.80218923,0.0,0,1.0,pvalloc_29nbfs_LRG2_max_sCs2p8
13,10291150.49627132,175074840.30591792,143900048.26992023,185365990.80218923,0.0,0,1.0,pvalloc_29nbfs_LRG2_max_sCs2p8
14,10291150.49627132,175074840.30591792,143900048.26992023,185365990.80218923,0.0,0,1.0,pvalloc_29nbfs_LRG2_max_sCs2p8
15,10291150.49627132,175074840.30591792,143900048.26992023,185365990.80218923,0.0,0,1.0,pvalloc_29nbfs_LRG2_max_sCs2p8
16,10291150.49627132,175074840.30591792,143900048.26992023,185365990.80218923,0.0,0,1.0,pvalloc_29nbfs_LRG2_max_sCs2p8
17,10291150.49627132,175074840.30591792,143900048.26992023,185365990.80218923,0.0,0,1.0,pvalloc_29nbfs_LRG2_max_sCs2p8
18,10291150.49627132,175074840.30591792,143900048.26992023,185365990.80218923,0.0,0,1.0,pvalloc_29nbfs_LRG2_max_sCs2p8
19,10291150.49627132,175074840.30591792,143900048.26992023,185365990.80218923,0.0,0,1.0,pvalloc_29nbfs_LRG2_max_sCs2p8
20,10291150.49627132,175074840.30591792,143900048.26992023,185365990.80218923,0.0,0,1.0,pvalloc_29nbfs_LRG2_max_sCs2p8
21,10291150.49627132,175074840.30591792,143900048.26992023,185365990.80218923,0.0,0,1.0,pvalloc_29nbfs_LRG2_max_sCs2p8
22,10291150.49627132,175074840.30591792,143900048.26992023,185365990.80218923,0.0,0,1.0,pvalloc_29nbfs_LRG2_max_sCs2p8
23,10291150.49627132,175074840.30591792,143900048.26992023,185365990.80218923,0.0,0,1.0,pvalloc_29nbfs_LRG2_max_sCs2p8
24,10291150.49627132,175074840.30591792,143900048.26992023,185365990.80218923,0.0,0,1.0,pvalloc_29nbfs_LRG2_max_sCs2p8
25,10291150.49627132,175074840.30591792,143900048.26992023,185365990.80218923,0.0,0,1.0,pvalloc_29nbfs_LRG2_max_sCs2p8
26,10291150.49627132,175074840.30591792,143900048.26992023,185365990.80218923,0.0,0,1.0,pvalloc_29nbfs_LRG2_max_sCs2p8
27,10291150.49627132,175074840.30591792,143900048.26992023,185365990.80218923,0.0,0,1.0,pvalloc_29nbfs_LRG2_max_sCs2p8
28,10291150.49627132,175074840.30591792,143900048.26992023,185365990.80218923,0.0,0,1.0,pvalloc_29nbfs_LRG2_max_sCs2p8
29,10291150.49627132,175074840.30591792,143900048.26992023,185365990.80218923,0.0,0,1.0,pvalloc_29nbfs_LRG2_max_sCs2p8
30,10291150.49627132,175074840.30591792,143900048.26992023,185365990.80218923,0.0,0,1.0,pvalloc_29nbfs_LRG2_max_sCs2p8
1,0.0,15680003.79582069,196046900.72296983,15680003.79582069,11524.89405432996,565,0.02851375220792329,pvalloc_29nbfs_LRG2_max_sCs4p6
2,0.0,24063406.58817011,190935165.647049,24063406.58817011,12808.635391768867,769,0.06732273530153923,pvalloc_29nbfs_LRG2_max_sCs4p6
3,0.0,34387415.28143982,186269389.50695243,34387415.28143982,15557.747695989387,1123,0.12399697199091597,pvalloc_29nbfs_LRG2_max_sCs4p6
4,17.287268150617194,46828251.07064369,180461561.5638521,46828268.35791184,18326.49230707458,1485,0.19894019682059047,pvalloc_29nbfs_LRG2_max_sCs4p6
5,17.287268150617194,61595651.09107868,174140433.9328822,61595668.37834683,21131.706410259616,1859,0.29275801160736814,pvalloc_29nbfs_LRG2_max_sCs4p6
6,7580.558641419002,79926324.6754649,168179603.52941817,79933905.23410633,23961.320732715394,2364,0.4120615695180419,pvalloc_29nbfs_LRG2_max_sCs4p6
7,29940.839424247595,101877684.8288421,162587546.92603222,101907625.66826636,26817.45924880067,2896,0.5582134746404239,pvalloc_29nbfs_LRG2_max_sCs4p6
8,161760.55539608945,126623265.75162473,157038906.32751134,126785026.30702083,30472.908842557335,3428,0.7312137269745143,pvalloc_29nbfs_LRG2_max_sCs4p6
9,2098426.0706408187,152242512.76867816,151332086.35267204,154340938.83931896,34164.18651648435,4047,0.9354529396921524,pvalloc_29nbfs_LRG2_max_sCs4p6
10,8181819.14297538,172082346.24259752,145452281.13672495,180264165.38557294,10252.061643564663,1279,1.0,pvalloc_29nbfs_LRG2_max_sCs4p6
11,10284237.341203552,175042855.2122227,143905309.20186952,185327092.55342624,0.0,0,1.0,pvalloc_29nbfs_LRG2_max_sCs4p6
12,10284237.341203552,175042855.2122227,143905309.20186952,185327092.55342624,0.0,0,1.0,pvalloc_29nbfs_LRG2_max_sCs4p6
13,10284237.341203552,175042855.2122227,143905309.20186952,185327092.55342624,0.0,0,1.0,pvalloc_29nbfs_LRG2_max_sCs4p6
14,10284237.341203552,175042855.2122227,143905309.20186952,185327092.55342624,0.0,0,1.0,pvalloc_29nbfs_LRG2_max_sCs4p6
15,10284237.341203552,175042855.2122227,143905309.20186952,185327092.55342624,0.0,0,1.0,pvalloc_29nbfs_LRG2_max_sCs4p6
16,10284237.341203552,175042855.2122227,143905309.20186952,185327092.55342624,0.0,0,1.0,pvalloc_29nbfs_LRG2_max_sCs4p6
17,10284237.341203552,175042855.2122227,143905309.20186952,185327092.55342624,0.0,0,1.0,pvalloc_29nbfs_LRG2_max_sCs4p6
18,10284237.341203552,175042855.2122227,143905309.20186952,185327092.55342624,0.0,0,1.0,pvalloc_29nbfs_LRG2_max_sCs4p6
19,10284237.341203552,175042855.2122227,143905309.20186952,185327092.55342624,0.0,0,1.0,pvalloc_29nbfs_LRG2_max_sCs4p6
20,10284237.341203552,175042855.2122227,143905309.20186952,185327092.55342624,0.0,0,1.0,pvalloc_29nbfs_LRG2_max_sCs4p6
21,10284237.341203552,175042855.2122227,143905309.20186952,185327092.55342624,0.0,0,1.0,pvalloc_29nbfs_LRG2_max_sCs4p6
22,10284237.341203552,175042855.2122227,143905309.20186952,185327092.55342624,0.0,0,1.0,pvalloc_29nbfs_LRG2_max_sCs4p6
23,10284237.341203552,175042855.2122227,143905309.20186952,185327092.55342624,0.0,0,1.0,pvalloc_29nbfs_LRG2_max_sCs4p6
24,10284237.341203552,175042855.2122227,143905309.20186952,185327092.55342624,0.0,0,1.0,pvalloc_29nbfs_LRG2_max_sCs4p6
25,10284237.341203552,175042855.2122227,143905309.20186952,185327092.55342624,0.0,0,1.0,pvalloc_29nbfs_LRG2_max_sCs4p6
26,10284237.341203552,175042855.2122227,143905309.20186952,185327092.55342624,0.0,0,1.0,pvalloc_29nbfs_LRG2_max_sCs4p6
27,10284237.341203552,175042855.2122227,143905309.20186952,185327092.55342624,0.0,0,1.0,pvalloc_29nbfs_LRG2_max_sCs4p6
28,10284237.341203552,175042855.2122227,143905309.20186952,185327092.55342624,0.0,0,1.0,pvalloc_29nbfs_LRG2_max_sCs4p6
29,10284237.341203552,175042855.2122227,143905309.20186952,185327092.55342624,0.0,0,1.0,pvalloc_29nbfs_LRG2_max_sCs4p6
30,10284237.341203552,175042855.2122227,143905309.20186952,185327092.55342624,0.0,0,1.0,pvalloc_29nbfs_LRG2_max_sCs4p6
1,0.0,15674691.026281191,196046988.33886954,15674691.026281191,11522.661574237165,564,0.02846328538985617,pvalloc_29nbfs_LRG2_max_sCs4p8
2,0.0,24090899.188359343,190970605.47645518,24090899.188359343,12809.791858213997,767,0.06717133484733788,pvalloc_29nbfs_LRG2_max_sCs4p8
3,0.0,34421628.40092822,186350649.1440367,34421628.40092822,15554.706040370576,1126,0.12399697199091597,pvalloc_29nbfs_LRG2_max_sCs4p8
4,16.57736349260307,46918632.99602375,180590336.52117005,46918649.57338724,18332.41451469774,1472,0.1982841281857179,pvalloc_29nbfs_LRG2_max_sCs4p8
5,16.57736349260307,61892554.8684317,174475546.49786237,61892571.44579519,21136.27405443933,1879,0.293111279333838,pvalloc_29nbfs_LRG2_max_sCs4p8
6,7867.140405890303,80209090.40982972,168575571.5575237,80216957.55023561,23962.97234129184,2410,0.4147363108755993,pvalloc_29nbfs_LRG2_max_sCs4p8
7,34125.23244217522,102117876.3432593,162913617.63786483,102152001.57570149,26818.807916390182,2898,0.5609891496341156,pvalloc_29nbfs_LRG2_max_sCs4p8
8,117394.99164745671,126476351.76849039,157219816.1601865,126593746.76013786,30471.29417063304,3386,0.7318697956093868,pvalloc_29nbfs_LRG2_max_sCs4p8
9,1805087.1651335973,152077694.86274272,151421471.73472455,153882782.02787632,34160.55645170441,4027,0.9350996719656826,pvalloc_29nbfs_LRG2_max_sCs4p8
10,8156992.906474577,172045827.70538652,145449264.05214858,180202820.6118611,10256.104116155266,1286,1.0,pvalloc_29nbfs_LRG2_max_sCs4p8
11,10287852.41146271,175055182.45143923,143900180.87841865,185343034.86290193,0.0,0,1.0,pvalloc_29nbfs_LRG2_max_sCs4p8
12,10287852.41146271,175055182.45143923,143900180.87841865,185343034.86290193,0.0,0,1.0,pvalloc_29nbfs_LRG2_max_sCs4p8
13,10287852.41146271,175055182.45143923,143900180.87841865,185343034.86290193,0.0,0,1.0,pvalloc_29nbfs_LRG2_max_sCs4p8
14,10287852.41146271,175055182.45143923,143900180.87841865,185343034.86290193,0.0,0,1.0,pvalloc_29nbfs_LRG2_max_sCs4p8
15,10287852.41146271,175055182.45143923,143900180.87841865,185343034.86290193,0.0,0,1.0,pvalloc_29nbfs_LRG2_max_sCs4p8
16,10287852.41146271,175055182.45143923,143900180.87841865,185343034.86290193,0.0,0,1.0,pvalloc_29nbfs_LRG2_max_sCs4p8
17,10287852.41146271,175055182.45143923,143900180.87841865,185343034.86290193,0.0,0,1.0,pvalloc_29nbfs_LRG2_max_sCs4p8
18,10287852.41146271,175055182.45143923,143900180.87841865,185343034.86290193,0.0,0,1.0,pvalloc_29nbfs_LRG2_max_sCs4p8
19,10287852.41146271,175055182.45143923,143900180.87841865,185343034.86290193,0.0,0,1.0,pvalloc_29nbfs_LRG2_max_sCs4p8
20,10287852.41146271,175055182.45143923,143900180.87841865,185343034.86290193,0.0,0,1.0,pvalloc_29nbfs_LRG2_max_sCs4p8
21,10287852.41146271,175055182.45143923,143900180.87841865,185343034.86290193,0.0,0,1.0,pvalloc_29nbfs_LRG2_max_sCs4p8
22,10287852.41146271,175055182.45143923,143900180.87841865,185343034.86290193,0.0,0,1.0,pvalloc_29nbfs_LRG2_max_sCs4p8
23,10287852.41146271,175055182.45143923,143900180.87841865,185343034.86290193,0.0,0,1.0,pvalloc_29nbfs_LRG2_max_sCs4p8
24,10287852.41146271,175055182.45143923,143900180.87841865,185343034.86290193,0.0,0,1.0,pvalloc_29nbfs_LRG2_max_sCs4p8
25,10287852.41146271,175055182.45143923,143900180.87841865,185343034.86290193,0.0,0,1.0,pvalloc_29nbfs_LRG2_max_sCs4p8
26,10287852.41146271,175055182.45143923,143900180.87841865,185343034.86290193,0.0,0,1.0,pvalloc_29nbfs_LRG2_max_sCs4p8
27,10287852.41146271,175055182.45143923,143900180.87841865,185343034.86290193,0.0,0,1.0,pvalloc_29nbfs_LRG2_max_sCs4p8
28,10287852.41146271,175055182.45143923,143900180.87841865,185343034.86290193,0.0,0,1.0,pvalloc_29nbfs_LRG2_max_sCs4p8
29,10287852.41146271,175055182.45143923,143900180.87841865,185343034.86290193,0.0,0,1.0,pvalloc_29nbfs_LRG2_max_sCs4p8
30,10287852.41146271,175055182.45143923,143900180.87841865,185343034.86290193,0.0,0,1.0,pvalloc_29nbfs_LRG2_max_sCs4p8
1,0.0,15683393.108458739,196046866.6249545,15683393.108458739,11523.840178558748,563,0.02841281857178905,pvalloc_29nbfs_LRG2_max_sCs6p8
2,0.0,24098543.19776501,190992478.13677448,24098543.19776501,12813.724915214261,773,0.06742366893767349,pvalloc_29nbfs_LRG2_max_sCs6p8
3,0.0,34389280.57822858,186347640.06132853,34389280.57822858,15549.515913839246,1121,0.12399697199091597,pvalloc_29nbfs_LRG2_max_sCs6p8
4,17.28243450381933,46868878.85402699,180605340.35261706,46868896.1364615,18331.048994928402,1482,0.1987887963663891,pvalloc_29nbfs_LRG2_max_sCs6p8
5,17.28243450381933,61821003.86596532,174539794.5708193,61821021.14839983,21130.8549340248,1865,0.2929094120615695,pvalloc_29nbfs_LRG2_max_sCs6p8
6,4862.861795852343,80208857.78448911,168888632.07746768,80213720.64628497,23958.18694658993,2397,0.41387837496845825,pvalloc_29nbfs_LRG2_max_sCs6p8
7,29086.58913997811,101941739.02791107,163084601.23907766,101970825.61705106,26814.741580982707,2896,0.5600302800908403,pvalloc_29nbfs_LRG2_max_sCs6p8
8,145172.61984064057,126481110.20167175,157356250.93819657,126626282.82151239,30468.97809166936,3396,0.7314155942467827,pvalloc_29nbfs_LRG2_max_sCs6p8
9,1778270.7277347906,152053895.78466287,151478124.65609157,153832166.51239765,34164.821454174176,4033,0.9349482715114812,pvalloc_29nbfs_LRG2_max_sCs6p8
10,8106267.436569032,172040738.3859487,145455171.67499545,180147005.82251772,10302.549327641253,1289,1.0,pvalloc_29nbfs_LRG2_max_sCs6p8
11,10293058.71723456,175067752.23282892,143902970.1115985,185360810.95006347,0.0,0,1.0,pvalloc_29nbfs_LRG2_max_sCs6p8
12,10293058.71723456,175067752.23282892,143902970.1115985,185360810.95006347,0.0,0,1.0,pvalloc_29nbfs_LRG2_max_sCs6p8
13,10293058.71723456,175067752.23282892,143902970.1115985,185360810.95006347,0.0,0,1.0,pvalloc_29nbfs_LRG2_max_sCs6p8
14,10293058.71723456,175067752.23282892,143902970.1115985,185360810.95006347,0.0,0,1.0,pvalloc_29nbfs_LRG2_max_sCs6p8
15,10293058.71723456,175067752.23282892,143902970.1115985,185360810.95006347,0.0,0,1.0,pvalloc_29nbfs_LRG2_max_sCs6p8
16,10293058.71723456,175067752.23282892,143902970.1115985,185360810.95006347,0.0,0,1.0,pvalloc_29nbfs_LRG2_max_sCs6p8
17,10293058.71723456,175067752.23282892,143902970.1115985,185360810.95006347,0.0,0,1.0,pvalloc_29nbfs_LRG2_max_sCs6p8
18,10293058.71723456,175067752.23282892,143902970.1115985,185360810.95006347,0.0,0,1.0,pvalloc_29nbfs_LRG2_max_sCs6p8
19,10293058.71723456,175067752.23282892,143902970.1115985,185360810.95006347,0.0,0,1.0,pvalloc_29nbfs_LRG2_max_sCs6p8
20,10293058.71723456,175067752.23282892,143902970.1115985,185360810.95006347,0.0,0,1.0,pvalloc_29nbfs_LRG2_max_sCs6p8
21,10293058.71723456,175067752.23282892,143902970.1115985,185360810.95006347,0.0,0,1.0,pvalloc_29nbfs_LRG2_max_sCs6p8
22,10293058.71723456,175067752.23282892,143902970.1115985,185360810.95006347,0.0,0,1.0,pvalloc_29nbfs_LRG2_max_sCs6p8
23,10293058.71723456,175067752.23282892,143902970.1115985,185360810.95006347,0.0,0,1.0,pvalloc_29nbfs_LRG2_max_sCs6p8
24,10293058.71723456,175067752.23282892,143902970.1115985,185360810.95006347,0.0,0,1.0,pvalloc_29nbfs_LRG2_max_sCs6p8
25,10293058.71723456,175067752.23282892,143902970.1115985,185360810.95006347,0.0,0,1.0,pvalloc_29nbfs_LRG2_max_sCs6p8
26,10293058.71723456,175067752.23282892,143902970.1115985,185360810.95006347,0.0,0,1.0,pvalloc_29nbfs_LRG2_max_sCs6p8
27,10293058.71723456,175067752.23282892,143902970.1115985,185360810.95006347,0.0,0,1.0,pvalloc_29nbfs_LRG2_max_sCs6p8
28,10293058.71723456,175067752.23282892,143902970.1115985,185360810.95006347,0.0,0,1.0,pvalloc_29nbfs_LRG2_max_sCs6p8
29,10293058.71723456,175067752.23282892,143902970.1115985,185360810.95006347,0.0,0,1.0,pvalloc_29nbfs_LRG2_max_sCs6p8
30,10293058.71723456,175067752.23282892,143902970.1115985,185360810.95006347,0.0,0,1.0,pvalloc_29nbfs_LRG2_max_sCs6p8
1,0.0,15683393.108458739,196046866.6249545,15683393.108458739,11519.331695072813,1131,0.0570779712339137,pvalloc_29nbfs_LRG2_rnd
2,0.0,25205848.714114714,193167674.31282336,25205848.714114714,12805.963392250302,1222,0.11874842291193541,pvalloc_29nbfs_LRG2_rnd
3,0.0,35742052.45319887,189876810.87510964,35742052.45319887,15551.324505955748,1490,0.1939439818319455,pvalloc_29nbfs_LRG2_rnd
4,0.0,48522150.181043185,185865793.8346887,48522150.181043185,18329.613634150173,1765,0.28301791572041385,pvalloc_29nbfs_LRG2_rnd
5,6202.4362423637485,63695100.436144665,181116217.49779713,63701302.87238703,21130.48431536463,2048,0.3863739591218774,pvalloc_29nbfs_LRG2_rnd
6,76237.55564202297,81004673.66685888,175738936.46538082,81080911.2225009,23957.984314237252,2333,0.5041130456724704,pvalloc_29nbfs_LRG2_rnd
7,393433.5184916245,100673161.97775167,169716173.69588473,101066595.4962433,26815.55730018372,2597,0.6351753721927832,pvalloc_29nbfs_LRG2_rnd
8,1313022.7032424563,121845945.79290967,162912132.30009824,123158968.49615213,30470.186278031277,2931,0.7830936159475145,pvalloc_29nbfs_LRG2_rnd
9,3745060.3223335864,144697752.2958583,155200476.11003911,148442812.61819187,34161.245404220026,3316,0.9504415846580873,pvalloc_29nbfs_LRG2_rnd
10,8469155.58727977,168247284.53753757,146537608.70051262,176716440.12481737,10277.33245606132,982,1.0,pvalloc_29nbfs_LRG2_rnd
11,10286151.641306242,175040948.1364441,143903208.5715002,185327099.77775037,0.0,0,1.0,pvalloc_29nbfs_LRG2_rnd
12,10286151.641306242,175040948.1364441,143903208.5715002,185327099.77775037,0.0,0,1.0,pvalloc_29nbfs_LRG2_rnd
13,10286151.641306242,175040948.1364441,143903208.5715002,185327099.77775037,0.0,0,1.0,pvalloc_29nbfs_LRG2_rnd
14,10286151.641306242,175040948.1364441,143903208.5715002,185327099.77775037,0.0,0,1.0,pvalloc_29nbfs_LRG2_rnd
15,10286151.641306242,175040948.1364441,143903208.5715002,185327099.77775037,0.0,0,1.0,pvalloc_29nbfs_LRG2_rnd
16,10286151.641306242,175040948.1364441,143903208.5715002,185327099.77775037,0.0,0,1.0,pvalloc_29nbfs_LRG2_rnd
17,10286151.641306242,175040948.1364441,143903208.5715002,185327099.77775037,0.0,0,1.0,pvalloc_29nbfs_LRG2_rnd
18,10286151.641306242,175040948.1364441,143903208.5715002,185327099.77775037,0.0,0,1.0,pvalloc_29nbfs_LRG2_rnd
19,10286151.641306242,175040948.1364441,143903208.5715002,185327099.77775037,0.0,0,1.0,pvalloc_29nbfs_LRG2_rnd
20,10286151.641306242,175040948.1364441,143903208.5715002,185327099.77775037,0.0,0,1.0,pvalloc_29nbfs_LRG2_rnd
21,10286151.641306242,175040948.1364441,143903208.5715002,185327099.77775037,0.0,0,1.0,pvalloc_29nbfs_LRG2_rnd
22,10286151.641306242,175040948.1364441,143903208.5715002,185327099.77775037,0.0,0,1.0,pvalloc_29nbfs_LRG2_rnd
23,10286151.641306242,175040948.1364441,143903208.5715002,185327099.77775037,0.0,0,1.0,pvalloc_29nbfs_LRG2_rnd
24,10286151.641306242,175040948.1364441,143903208.5715002,185327099.77775037,0.0,0,1.0,pvalloc_29nbfs_LRG2_rnd
25,10286151.641306242,175040948.1364441,143903208.5715002,185327099.77775037,0.0,0,1.0,pvalloc_29nbfs_LRG2_rnd
26,10286151.641306242,175040948.1364441,143903208.5715002,185327099.77775037,0.0,0,1.0,pvalloc_29nbfs_LRG2_rnd
27,10286151.641306242,175040948.1364441,143903208.5715002,185327099.77775037,0.0,0,1.0,pvalloc_29nbfs_LRG2_rnd
28,10286151.641306242,175040948.1364441,143903208.5715002,185327099.77775037,0.0,0,1.0,pvalloc_29nbfs_LRG2_rnd
29,10286151.641306242,175040948.1364441,143903208.5715002,185327099.77775037,0.0,0,1.0,pvalloc_29nbfs_LRG2_rnd
30,10286151.641306242,175040948.1364441,143903208.5715002,185327099.77775037,0.0,0,1.0,pvalloc_29nbfs_LRG2_rnd
